Property;Period;Milk_Production;Milk_Sales;Milk_Gross_Price;Number_of_Lactating_Cows;Employees_During_the_Month;Area_Used_for_Dairy_Activity;Reproducers;Lactating_Cows;Dry_Cows;Pregnant_Heifers;Heifers_in_Raising;Suckling_Calves_female;Suckling_Calves_male;Male_Calves_in_Raising;Male_Calves_in_Fattening;Draft_and_Breeding_Bulls;Equines_and_Mules
P-1;2022-04-01;13.044;12.744;1.054;23.0;60.0;11.0;0;23;3;6;21;4;0;0;0;0;0
P-1;2022-05-01;12.068;11.768;1.036;23.0;60.0;11.0;0;23;3;6;21;4;0;0;0;0;0
P-1;2022-06-01;12.659;12.659;1.0247;19.0;60.0;11.0;0;19;5;6;22;1;0;0;0;0;0
P-1;2022-07-01;13.391;13.191;1.0065;21.0;62.0;11.0;0;21;3;7;19;4;0;0;0;0;0
P-1;2022-08-01;14.944;14.694;0.9965;22.0;60.0;11.0;0;22;2;7;19;3;0;0;0;0;0
P-1;2022-09-01;15.466;15.466;1.004;21.0;62.0;11.0;0;21;2;5;21;3;0;0;0;0;0
P-1;2022-10-01;15.335;15.335;1.006;22.0;31.0;11.0;0;22;0;6;20;3;0;0;0;0;0
P-1;2022-11-01;14.878;14.698;1.0085;22.0;30.0;11.0;0;22;0;6;20;3;0;0;0;0;0
P-1;2022-12-01;13.474;13.474;0.9665;22.0;31.0;11.0;0;22;1;6;20;1;0;0;0;0;0
P-2;2022-07-01;23.532;23.532;1.117;28.0;45.0;8.0;0;28;3;10;12;4;0;1;0;0;0
P-2;2022-08-01;25.608;25.608;1.097;26.0;45.0;8.0;0;26;5;9;13;1;0;1;0;0;0
P-2;2022-09-01;25.362;25.362;1.0545;30.0;45.0;8.0;0;30;2;8;15;1;0;1;0;0;0
P-2;2022-10-01;24.603;24.603;1.0325;29.0;45.0;8.0;0;29;2;9;13;3;0;1;0;0;0
P-2;2022-11-01;29.022;29.022;1.0225;30.0;45.0;8.0;0;30;4;9;13;1;0;3;0;0;0
P-2;2022-12-01;29.082;29.082;1.04;32.0;45.0;8.0;0;32;2;5;17;1;0;3;0;0;0
P-3;2021-11-01;20.482;20.482;1.06;26.0;60.0;20.5;0;26;7;8;8;3;0;0;0;0;0
P-3;2021-12-01;22.582;22.582;1.05;28.0;60.0;20.5;0;28;5;8;8;2;0;0;0;0;0
P-3;2022-01-01;21.402;21.402;1.01;26.0;60.0;20.5;0;26;4;11;8;1;0;0;0;0;0
P-3;2022-02-01;25.761;25.761;1.0;29.0;60.0;20.5;0;29;1;6;13;1;0;0;0;0;0
P-3;2022-03-01;21.618;21.618;1.02;32.0;60.0;20.5;0;32;1;2;11;7;0;0;0;0;0
P-3;2022-04-01;26.215;26.215;1.02;30.0;60.0;20.5;0;30;1;4;11;5;0;0;0;0;0
P-3;2022-05-01;24.042;24.042;1.015;28.0;30.0;20.5;0;28;3;4;11;5;0;0;0;0;0
P-3;2022-06-01;16.7;16.7;0.9997;23.0;30.0;20.5;0;23;6;6;9;3;0;0;0;0;0
P-3;2022-07-01;18.801;18.801;0.9475;23.0;30.0;20.5;0;23;6;5;12;2;0;0;0;0;0
P-3;2022-08-01;20.443;20.443;0.9235;27.0;30.0;20.5;0;27;4;3;17;2;0;0;0;0;0
P-3;2022-09-01;22.303;22.303;0.8948;27.0;30.0;20.5;0;27;4;3;17;2;0;0;0;0;0
P-3;2022-10-01;21.019;21.019;0.8606;32.0;30.0;20.5;0;32;1;4;11;7;0;0;0;0;0
P-3;2022-11-01;22.081;22.081;0.873;29.0;30.0;20.5;0;29;3;5;6;8;0;1;0;0;0
P-3;2022-12-01;17.37;17.37;0.878;29.0;46.0;14.0;0;29;3;5;6;8;0;1;0;0;0
P-4;2021-06-01;19.253;18.803;1.075;22.0;31.0;7.0;0;22;4;9;9;1;0;0;0;0;0
P-4;2021-07-01;19.253;18.803;1.075;24.0;31.0;7.0;0;24;2;7;10;2;0;0;0;0;0
P-4;2021-08-01;19.381;19.021;1.0375;23.0;30.0;7.0;0;23;3;4;11;3;0;0;0;0;0
P-4;2021-09-01;20.041;19.591;1.0075;27.0;30.0;7.0;0;27;1;5;11;2;0;0;0;0;0
P-4;2021-10-01;21.519;20.269;1.0175;26.0;30.0;7.0;0;26;1;6;10;3;0;0;0;0;0
P-4;2021-11-01;22.213;21.213;1.025;27.0;62.0;7.0;0;27;2;7;9;4;0;0;0;0;0
P-4;2021-12-01;18.155;17.305;1.012;25.0;60.0;7.0;0;25;4;7;9;3;0;0;0;0;0
P-4;2022-01-01;18.744;18.444;1.0195;25.0;60.0;7.0;0;25;5;7;10;2;0;0;0;0;0
P-4;2022-02-01;19.769;19.519;0.9837;26.0;62.0;10.0;0;26;4;7;12;1;0;0;0;0;0
P-4;2022-03-01;16.444;16.444;0.943;24.0;62.0;10.0;0;24;4;9;13;1;0;0;0;0;0
P-4;2022-04-01;16.118;15.608;0.908;23.0;62.0;10.0;0;23;4;10;10;3;0;0;0;0;0
P-4;2022-05-01;15.649;15.269;0.888;23.0;56.0;10.0;0;23;4;11;10;3;0;0;0;0;0
P-4;2022-06-01;14.349;14.089;0.8905;21.0;45.0;10.0;0;21;6;11;9;1;0;0;0;0;0
P-4;2022-07-01;16.575;16.355;0.918;20.0;62.0;10.0;0;20;6;12;9;2;0;0;0;0;0
P-4;2022-08-01;18.604;18.364;0.9735;26.0;62.0;10.0;0;26;3;11;10;2;0;0;0;0;0
P-4;2022-09-01;21.444;21.224;1.021;24.0;62.0;10.0;0;24;3;11;10;1;0;0;0;0;0
P-4;2022-10-01;20.681;20.581;1.0235;24.0;62.0;10.0;0;24;3;11;7;4;0;0;0;0;0
P-4;2022-11-01;20.711;20.351;1.0575;24.0;62.0;10.0;0;24;3;7;11;4;0;0;0;0;0
P-4;2022-12-01;23.117;22.617;1.107;24.0;62.0;10.0;0;24;3;7;11;4;0;0;0;0;0
P-5;2022-05-01;8.435;8.135;1.04;15.0;30.0;6.5;0;15;0;1;4;1;0;1;0;0;0
P-5;2022-06-01;8.215;7.915;1.01;14.0;30.0;6.5;0;14;1;2;4;1;1;1;0;0;0
P-5;2022-07-01;9.162;8.662;1.01;14.0;30.0;6.5;0;14;1;2;4;2;1;1;0;0;0
P-5;2022-08-01;9.358;8.768;0.98;15.0;30.0;6.5;0;15;0;2;4;2;1;1;0;0;0
P-5;2022-09-01;8.806;8.506;0.99;13.0;30.0;6.5;0;13;2;2;2;3;1;0;1;0;0
P-5;2022-10-01;8.47;7.97;0.99;14.0;30.0;6.5;0;14;1;1;2;3;0;0;1;0;0
P-5;2022-11-01;8.505;7.855;0.99;14.0;30.0;6.5;0;14;1;0;3;3;0;0;1;0;0
P-5;2022-12-01;7.026;6.176;0.99;12.0;30.0;6.5;0;12;3;0;1;2;0;0;1;0;0
P-6;2022-07-01;26.891;26.491;0.91;34.0;62.0;50.0;0;34;5;6;7;4;0;0;0;0;0
P-6;2022-08-01;28.036;27.436;0.95;33.0;62.0;50.0;0;33;5;7;7;2;0;0;0;0;0
P-6;2022-09-01;31.392;30.816;1.01;33.0;62.0;22.0;0;33;3;7;7;2;0;0;0;0;0
P-6;2022-10-01;32.64;32.297;1.06;37.0;62.0;22.0;0;37;0;6;9;2;0;0;0;0;0
P-6;2022-11-01;32.327;32.062;1.08;39.0;62.0;22.0;0;39;0;6;9;2;0;0;0;0;0
P-6;2022-12-01;33.386;32.786;1.1;38.0;62.0;22.0;0;38;1;7;9;2;0;0;0;0;0
P-7;2021-12-01;21.306;21.216;1.12;30.0;60.0;19.5;0;30;2;3;11;3;0;1;0;0;0
P-7;2022-01-01;21.692;21.602;1.1;30.0;60.0;19.5;0;30;2;3;11;3;0;1;0;0;0
P-7;2022-02-01;23.027;22.947;1.06;31.0;60.0;19.5;0;31;1;3;11;3;1;0;0;0;0
P-7;2022-03-01;26.042;25.952;1.02;32.0;60.0;19.5;0;32;1;3;12;3;1;0;0;0;0
P-7;2022-04-01;23.14;22.96;1.03;29.0;60.0;19.5;0;29;1;6;12;3;1;0;0;0;0
P-7;2022-05-01;20.736;20.706;0.99;26.0;60.0;19.5;0;26;1;9;11;3;1;0;0;0;0
P-7;2022-06-01;20.228;20.198;0.9995;25.0;80.0;19.5;0;25;4;8;11;4;0;0;0;0;0
P-7;2022-07-01;19.235;19.205;1.0215;23.0;80.0;19.5;0;23;5;9;11;2;0;0;0;0;0
P-7;2022-08-01;19.477;19.427;0.9895;27.0;80.0;19.5;0;27;3;9;13;4;0;0;0;0;0
P-7;2022-09-01;17.425;17.375;0.96;30.0;80.0;19.5;0;30;2;10;10;4;0;0;0;0;0
P-7;2022-10-01;16.34;16.29;0.898;28.0;80.0;19.5;0;28;3;10;14;3;0;0;0;0;0
P-7;2022-11-01;16.525;16.475;0.856;23.0;80.0;19.5;0;23;5;12;14;2;0;0;0;0;0
P-7;2022-12-01;19.182;19.132;0.8735;25.0;60.0;19.5;0;25;3;12;14;2;0;0;0;0;0
P-8;2022-01-01;8.576;8.516;0.99;14.0;30.0;6.0;1;14;5;1;4;0;0;0;0;0;0
P-8;2022-02-01;9.224;9.144;0.97;17.0;30.0;6.0;1;17;2;0;5;0;0;0;0;0;0
P-8;2022-03-01;10.925;10.845;0.95;16.0;30.0;6.0;1;16;3;0;5;0;0;0;0;0;0
P-8;2022-04-01;11.958;11.778;0.96;20.0;30.0;6.0;1;20;1;0;5;0;0;0;0;0;0
P-8;2022-05-01;11.75;11.53;0.97;20.0;30.0;6.0;1;20;1;0;5;0;0;0;0;0;0
P-8;2022-06-01;9.004;8.854;0.96;17.0;30.0;6.0;0;17;4;0;4;1;0;0;0;0;0
P-8;2022-07-01;8.765;8.615;0.96;15.0;30.0;6.0;0;15;5;2;4;0;0;0;0;0;0
P-8;2022-08-01;9.037;8.887;0.91;16.0;30.0;6.0;0;16;4;2;4;0;0;0;0;0;0
P-8;2022-09-01;9.327;9.057;0.9;17.0;30.0;6.0;0;17;3;2;3;1;0;0;0;0;0
P-8;2022-10-01;9.096;8.846;0.87;16.0;30.0;6.0;0;16;4;3;3;1;0;0;0;0;0
P-8;2022-11-01;9.13;8.83;0.84;15.0;26.0;6.0;0;15;5;3;5;1;0;0;0;0;0
P-8;2022-12-01;8.863;8.363;0.84;17.0;26.0;6.0;0;17;3;3;5;0;0;0;0;0;0
P-9;2021-07-01;1.833;1.833;0.96;9.0;30.0;12.5;2;9;3;0;9;1;0;0;0;0;0
P-9;2021-08-01;2.06;2.06;0.98;11.0;30.0;12.5;2;11;5;0;9;1;0;0;0;0;0
P-9;2021-09-01;2.598;2.598;0.96;14.0;30.0;12.5;2;14;2;0;9;1;0;0;0;0;0
P-9;2021-10-01;3.271;3.151;0.98;14.0;30.0;12.5;2;14;2;0;9;1;0;0;0;0;0
P-9;2021-11-01;4.039;4.039;0.98;13.0;31.0;12.5;2;13;3;0;9;1;0;0;0;0;0
P-9;2021-12-01;4.01;3.85;0.98;13.0;31.0;12.5;2;13;2;1;8;3;0;0;0;0;0
P-9;2022-01-01;3.493;3.293;0.98;13.0;30.0;12.5;2;13;2;1;8;3;0;0;0;0;0
P-9;2022-02-01;3.302;3.082;0.92;12.0;31.0;12.5;2;12;3;1;8;2;0;0;0;0;0
P-9;2022-03-01;3.113;3.113;0.9;10.0;30.0;12.5;2;10;5;1;8;0;0;0;0;0;0
P-9;2022-04-01;4.423;4.423;0.88;10.0;31.0;12.5;2;10;5;1;8;0;0;0;0;0;0
P-9;2022-05-01;4.818;4.818;0.87;13.0;28.0;12.5;2;13;2;1;7;1;0;0;0;0;0
P-9;2022-06-01;5.746;5.626;0.85;15.0;31.0;12.5;2;15;0;0;8;1;1;0;0;0;0
P-9;2022-07-01;5.762;5.512;0.8777;14.0;31.0;12.5;2;14;0;1;8;1;0;0;0;0;0
P-9;2022-08-01;4.943;4.943;0.9177;13.0;30.0;13.0;3;13;0;0;7;0;2;0;0;0;0
P-9;2022-09-01;4.212;4.112;0.944;13.0;31.0;13.0;3;13;0;0;5;2;2;0;0;0;0
P-9;2022-10-01;4.136;4.054;1.008;11.0;30.0;13.0;3;11;2;0;5;2;0;0;0;0;0
P-9;2022-11-01;3.292;2.824;0.9865;10.0;31.0;13.0;3;10;3;0;2;4;0;0;0;0;0
P-9;2022-12-01;2.391;2.141;1.0205;9.0;31.0;13.0;3;9;4;0;2;4;3;0;0;0;0
P-10;2021-12-01;15.494;15.264;1.05;25.0;60.0;16.0;0;25;4;15;7;0;0;0;0;0;0
P-10;2022-01-01;16.656;16.444;1.0;28.0;60.0;16.0;0;28;3;13;9;0;0;0;0;0;0
P-10;2022-02-01;16.538;16.288;0.99;28.0;60.0;16.0;0;28;3;11;8;3;0;0;0;0;0
P-10;2022-03-01;17.024;16.774;0.99;26.0;60.0;16.0;0;26;4;12;8;2;0;0;0;0;0
P-10;2022-04-01;16.404;16.154;0.98;26.0;60.0;16.0;0;26;3;13;8;2;0;0;0;0;0
P-10;2022-05-01;17.483;17.233;0.99;26.0;60.0;16.0;0;26;4;11;9;3;0;0;0;0;0
P-10;2022-06-01;14.954;14.884;0.97;26.0;56.0;16.0;0;26;3;9;10;5;3;0;0;0;0
P-10;2022-07-01;17.928;17.858;1.0;26.0;56.0;16.0;0;26;7;8;10;5;0;0;0;0;0
P-10;2022-08-01;18.38;18.11;0.94;30.0;56.0;16.0;0;30;3;9;10;5;0;0;0;0;0
P-10;2022-09-01;18.382;17.412;0.92;31.0;56.0;16.0;0;31;3;5;14;5;0;0;0;0;0
P-10;2022-10-01;18.448;18.358;0.9;28.0;56.0;16.0;0;28;6;5;15;0;0;0;0;0;0
P-10;2022-11-01;18.536;18.416;0.89;28.0;56.0;16.0;0;28;5;6;11;4;0;0;0;0;0
P-10;2022-12-01;24.206;23.156;0.87;30.0;31.0;26.5;0;30;3;6;10;5;1;0;0;0;0
P-11;2021-11-01;12.69;12.29;1.03;13.0;30.0;5.0;0;13;2;4;2;3;0;0;0;0;0
P-11;2021-12-01;14.44;14.08;1.01;14.0;30.0;5.0;0;14;1;5;2;2;0;0;0;0;0
P-11;2022-01-01;13.16;13.1;0.99;14.0;30.0;5.0;0;14;1;3;2;4;0;0;0;0;0
P-11;2022-02-01;11.75;11.695;0.98;13.0;30.0;5.0;0;13;1;3;3;4;0;0;0;0;0
P-11;2022-03-01;9.585;9.535;0.95;10.0;30.0;5.0;0;10;3;4;3;2;0;0;0;0;0
P-11;2022-04-01;9.244;9.194;0.96;9.0;30.0;5.0;0;9;4;4;3;1;0;0;0;0;0
P-11;2022-05-01;9.042;8.992;0.96;9.0;30.0;5.0;0;9;4;4;4;0;0;0;0;0;0
P-11;2022-06-01;10.509;10.449;0.98;11.0;30.0;15.0;0;11;2;4;4;0;0;0;0;0;0
P-11;2022-07-01;10.397;10.337;0.95;12.0;30.0;15.0;0;12;1;4;3;1;0;0;0;0;0
P-11;2022-08-01;9.028;8.968;0.94;11.0;30.0;15.0;0;11;1;4;4;1;0;0;0;0;0
P-11;2022-09-01;8.964;8.904;0.89;10.0;31.0;15.0;0;10;3;4;5;0;0;0;0;0;0
P-11;2022-10-01;8.878;8.818;0.86;11.0;28.0;15.0;0;11;2;4;5;0;0;0;0;0;0
P-11;2022-11-01;10.715;10.655;0.86;12.0;30.0;15.0;0;12;2;4;5;0;0;0;0;0;0
P-11;2022-12-01;10.37;10.31;0.8833;12.0;30.0;15.0;0;12;2;4;5;0;0;0;0;0;0
P-12;2020-12-01;27.142;27.142;1.11;33.0;60.0;20.5;0;33;6;7;15;1;0;0;0;0;0
P-12;2021-01-01;26.401;26.401;1.08;31.0;60.0;20.5;0;31;6;8;15;2;0;0;0;0;0
P-12;2021-02-01;28.71;28.71;1.04;33.0;60.0;20.5;0;33;4;8;15;2;0;0;0;0;0
P-12;2021-03-01;31.698;31.698;1.03;35.0;60.0;20.5;0;35;2;8;16;2;0;0;0;0;0
P-12;2021-04-01;32.127;32.127;1.03;36.0;60.0;20.5;0;36;2;8;16;2;0;0;0;0;0
P-12;2021-05-01;30.048;30.048;1.02;34.0;45.0;20.5;0;34;3;8;14;3;0;0;0;0;0
P-12;2021-06-01;26.88;26.52;1.02;30.0;45.0;20.5;0;30;6;10;16;2;0;0;0;0;0
P-12;2021-07-01;26.935;26.515;1.02;31.0;45.0;20.5;0;31;6;9;14;4;0;0;0;0;0
P-12;2021-08-01;26.315;25.975;1.01;35.0;45.0;20.5;0;35;3;9;14;2;0;0;0;0;0
P-12;2021-09-01;24.854;24.504;0.97;33.0;45.0;20.5;0;33;6;12;11;4;0;0;0;0;0
P-12;2021-10-01;27.609;27.369;0.93;38.0;45.0;20.5;0;38;1;11;11;4;0;0;0;0;0
P-12;2021-11-01;26.689;26.569;0.91;38.0;45.0;20.5;0;38;2;12;11;3;0;0;0;0;0
P-12;2021-12-01;29.884;29.844;0.9;33.0;45.0;20.5;0;33;5;9;15;2;0;0;0;0;0
P-12;2022-01-01;30.496;30.416;0.94;33.0;45.0;20.5;0;33;5;9;15;2;0;0;0;0;0
P-12;2022-02-01;30.054;29.814;0.98;32.0;45.0;20.5;0;32;6;8;16;3;0;0;0;0;0
P-12;2022-03-01;30.585;30.105;1.0335;37.0;45.0;14.5;0;37;2;7;15;4;0;0;0;0;0
P-12;2022-04-01;31.522;30.622;1.0775;38.0;63.0;14.5;0;38;3;7;9;11;0;0;0;0;0
P-12;2022-05-01;33.084;32.184;1.0895;34.0;62.0;14.5;0;34;6;8;9;10;0;0;0;0;0
P-12;2022-06-01;29.294;29.294;1.122;34.0;62.0;14.5;0;34;5;7;13;9;0;0;0;0;0
P-12;2022-07-01;25.501;25.501;1.1125;34.0;62.0;14.5;0;34;5;7;13;7;0;0;0;0;0
P-12;2022-08-01;25.611;25.611;1.1125;34.0;62.0;14.5;0;34;7;7;13;4;0;0;0;0;0
P-12;2022-09-01;25.58;25.58;1.1125;31.0;60.0;14.5;0;31;8;6;15;4;0;0;0;0;0
P-12;2022-10-01;26.817;26.817;0.97;29.0;62.0;14.5;0;29;11;8;9;11;0;0;0;0;0
P-12;2022-11-01;24.163;24.163;0.9673;35.0;56.0;14.5;0;35;5;8;9;9;0;0;0;0;0
P-12;2022-12-01;29.711;29.711;0.9748;34.0;62.0;14.5;0;34;4;10;9;9;0;0;0;0;0
P-13;2022-02-01;12.306;11.826;1.02;22.0;45.0;13.0;1;22;5;1;4;2;2;0;0;0;0
P-13;2022-03-01;12.251;12.191;0.98;22.0;45.0;13.0;1;22;4;2;4;0;1;0;0;0;0
P-13;2022-04-01;13.981;13.671;0.99;22.0;45.0;13.0;1;22;3;3;4;0;0;0;0;0;0
P-13;2022-05-01;15.614;15.554;0.98;24.0;45.0;13.0;1;24;2;3;4;0;0;0;0;0;0
P-13;2022-06-01;16.255;16.195;1.0;24.0;45.0;13.0;1;24;2;3;4;0;0;0;0;0;0
P-13;2022-07-01;17.394;17.334;1.0;23.0;45.0;13.0;0;23;2;3;5;0;0;0;0;0;0
P-13;2022-08-01;17.997;17.497;0.99;23.0;45.0;13.0;0;23;2;3;5;0;0;0;0;0;0
P-13;2022-09-01;16.598;15.738;1.0;22.0;45.0;13.0;0;22;2;7;8;2;0;0;3;0;0
P-13;2022-10-01;16.249;15.689;0.94;21.0;45.0;13.0;0;21;3;7;4;2;3;0;4;0;0
P-13;2022-11-01;14.336;13.786;0.9;19.0;45.0;13.0;0;19;4;9;4;0;0;0;4;0;0
P-13;2022-12-01;13.912;13.352;0.87;19.0;45.0;13.0;0;19;4;9;4;0;0;0;4;0;0
P-14;2021-04-01;10.797;10.677;0.99;20.0;30.0;11.0;0;20;2;3;7;3;0;1;2;0;0
P-14;2021-05-01;13.026;12.886;0.97;19.0;30.0;11.0;0;19;2;3;8;2;0;1;2;0;0
P-14;2021-06-01;12.242;12.122;0.97;21.0;30.0;11.0;0;21;0;4;8;3;1;0;2;0;0
P-14;2021-07-01;12.99;12.71;0.95;19.0;30.0;11.0;0;19;2;4;7;2;1;0;2;0;0
P-14;2021-08-01;13.225;12.735;0.97;19.0;30.0;11.0;0;19;2;4;5;4;0;0;3;0;0
P-14;2021-09-01;13.621;13.381;1.0;18.0;30.0;11.0;0;18;2;5;5;3;0;1;0;0;0
P-14;2021-10-01;12.881;12.641;1.01;18.0;30.0;11.0;0;18;2;4;8;2;0;1;0;0;0
P-14;2021-11-01;12.482;12.042;1.0;17.0;30.0;11.0;0;17;3;3;8;1;1;0;0;0;0
P-14;2021-12-01;12.303;11.823;0.95;18.0;30.0;11.0;0;18;2;7;12;3;1;0;0;0;0
P-14;2022-01-01;10.092;9.652;0.95;22.0;30.0;11.0;0;22;4;7;12;5;0;0;0;0;0
P-14;2022-02-01;8.598;8.158;0.87;24.0;31.0;11.0;0;24;3;8;16;5;0;0;0;0;0
P-14;2022-03-01;7.39;6.95;0.8135;17.0;30.0;11.0;0;17;4;6;5;1;1;0;2;0;0
P-14;2022-04-01;9.493;9.353;0.833;16.0;31.0;11.0;0;16;5;6;4;1;0;0;2;0;0
P-14;2022-05-01;10.283;10.183;0.863;19.0;31.0;11.0;0;19;2;6;4;1;0;0;2;0;0
P-14;2022-06-01;10.915;10.9;0.913;20.0;35.0;11.0;0;20;0;6;5;0;1;0;2;0;0
P-14;2022-07-01;12.65;12.635;0.9307;20.0;30.0;11.0;0;20;0;7;7;0;0;0;2;0;0
P-14;2022-08-01;12.887;12.872;0.9907;20.0;30.0;11.0;0;20;0;7;7;0;0;0;2;0;0
P-14;2022-09-01;12.44;12.425;1.0167;20.0;31.0;11.0;0;20;0;7;7;0;0;0;2;0;0
P-14;2022-10-01;13.37;13.355;1.0565;22.0;30.0;11.0;0;22;0;6;7;1;0;0;2;0;0
P-14;2022-11-01;11.617;11.602;1.0687;21.0;30.0;11.0;0;21;1;6;7;1;0;0;2;0;0
P-14;2022-12-01;9.79;9.775;1.057;20.0;30.0;11.0;0;20;1;7;7;0;0;0;3;0;0
P-15;2020-12-01;15.109;15.109;1.05;18.0;60.0;20.5;0;18;1;7;3;0;0;0;0;0;0
P-15;2021-01-01;15.109;15.109;1.05;17.0;60.0;20.5;0;17;2;7;3;0;0;0;0;0;0
P-15;2021-02-01;17.221;17.221;1.01;17.0;60.0;20.5;0;17;2;7;3;0;0;0;0;0;0
P-15;2021-03-01;21.385;21.385;1.01;19.0;62.0;20.5;0;19;0;6;4;0;0;0;0;0;0
P-15;2021-04-01;22.206;22.206;1.01;21.0;60.0;20.5;0;21;0;4;4;2;0;0;0;0;0
P-15;2021-05-01;22.142;22.142;1.01;20.0;60.0;20.5;0;20;1;4;4;2;0;0;0;0;0
P-15;2021-06-01;21.854;21.694;1.01;19.0;30.0;15.5;0;19;1;4;5;2;0;0;0;0;0
P-15;2021-07-01;19.607;19.247;1.01;18.0;30.0;15.5;0;18;3;3;3;4;0;0;0;0;0
P-15;2021-08-01;18.396;18.176;0.98;18.0;30.0;15.5;0;18;3;2;4;4;0;0;0;0;0
P-15;2021-09-01;13.892;13.672;0.93;18.0;30.0;15.5;0;18;2;3;4;3;0;0;0;0;0
P-15;2021-10-01;15.082;14.862;0.86;16.0;30.0;15.5;0;16;5;2;5;1;0;0;0;0;0
P-15;2021-11-01;15.052;15.012;0.87;16.0;30.0;15.5;0;16;3;4;5;0;0;0;0;0;0
P-15;2021-12-01;17.061;17.021;0.89;16.0;30.0;15.5;0;16;2;5;3;2;0;0;0;0;0
P-15;2022-01-01;18.252;18.132;0.91;16.0;30.0;15.5;0;16;1;7;3;2;0;0;0;0;0
P-15;2022-02-01;13.808;13.658;0.94;15.0;30.0;15.5;0;15;2;7;3;2;0;0;0;0;0
P-15;2022-03-01;13.512;13.312;0.99;13.0;31.0;10.0;0;13;3;7;3;2;0;0;0;0;0
P-15;2022-04-01;15.125;14.725;1.01;14.0;31.0;10.0;0;14;1;7;2;3;0;0;0;0;0
P-15;2022-05-01;17.852;17.852;1.04;14.0;31.0;10.0;0;14;1;7;0;4;0;0;0;0;0
P-15;2022-06-01;17.118;17.118;1.07;15.0;31.0;10.0;0;15;1;7;2;4;0;0;0;0;0
P-15;2022-07-01;16.756;16.756;1.07;15.0;30.0;10.0;0;15;1;7;2;4;0;0;0;0;0
P-15;2022-08-01;18.913;18.913;1.08;14.0;31.0;10.0;0;14;1;7;10;5;0;0;0;0;0
P-15;2022-09-01;15.132;15.132;1.082;14.0;30.0;10.0;0;14;1;7;9;5;0;0;0;0;0
P-15;2022-10-01;14.208;14.208;1.0373;14.0;31.0;10.0;0;14;4;7;10;5;0;0;0;0;0
P-15;2022-11-01;12.583;12.583;0.9455;14.0;28.0;10.0;0;14;4;7;11;5;0;0;0;0;0
P-15;2022-12-01;15.953;15.953;0.9464;14.0;31.0;10.0;0;14;4;6;12;4;0;0;0;0;0
P-16;2021-12-01;5.666;5.166;0.99;18.0;60.0;20.0;0;18;5;4;16;3;1;0;0;0;0
P-16;2022-01-01;5.654;5.454;0.95;19.0;60.0;20.0;0;19;6;4;16;1;0;0;0;0;0
P-16;2022-02-01;5.198;4.948;0.91;19.0;60.0;20.0;0;19;5;2;21;0;0;0;0;0;0
P-16;2022-03-01;5.956;5.716;0.85;21.0;60.0;20.0;0;21;5;2;23;0;0;0;0;0;0
P-16;2022-04-01;6.892;6.652;0.86;22.0;60.0;20.0;0;22;5;3;23;0;0;0;0;0;0
P-16;2022-05-01;9.735;9.435;0.85;23.0;60.0;20.0;0;23;4;3;22;2;0;0;0;0;0
P-16;2022-06-01;9.874;9.634;0.87;25.0;60.0;20.0;0;25;5;3;20;2;0;0;0;0;0
P-16;2022-07-01;9.219;8.979;0.92;25.0;60.0;20.0;0;25;5;3;20;2;0;0;0;0;0
P-16;2022-08-01;10.187;10.187;0.95;22.0;60.0;20.0;0;22;7;2;22;0;0;0;0;0;0
P-16;2022-09-01;10.723;10.623;0.98;22.0;60.0;20.0;0;22;7;2;22;0;0;0;0;0;0
P-16;2022-10-01;10.827;10.347;1.01;31.0;60.0;20.0;0;31;0;2;14;4;0;0;0;0;0
P-16;2022-11-01;11.034;10.674;1.05;30.0;60.0;20.0;0;30;1;2;14;3;0;0;0;0;0
P-16;2022-12-01;9.583;9.583;1.06;25.0;60.0;20.0;0;25;7;3;14;0;0;0;0;0;0
P-17;2021-12-01;13.663;13.303;1.079;19.0;50.0;12.0;0;19;4;4;9;1;1;1;0;0;0
P-17;2022-01-01;10.532;10.532;1.024;18.0;50.0;12.0;0;18;6;4;9;1;0;1;0;0;0
P-17;2022-02-01;11.307;11.097;1.0247;18.0;50.0;12.0;0;18;5;5;9;0;0;1;0;0;0
P-17;2022-03-01;13.78;13.75;1.0065;20.0;50.0;12.0;0;20;3;3;11;0;0;1;0;0;0
P-17;2022-04-01;14.996;14.816;1.0045;21.0;50.0;12.0;0;21;2;3;11;0;0;1;0;0;0
P-17;2022-05-01;15.615;15.435;1.01;21.0;50.0;12.0;0;21;2;3;11;0;0;1;0;0;0
P-17;2022-06-01;16.381;15.951;1.01;21.0;50.0;12.0;0;21;2;3;10;2;0;1;0;0;0
P-17;2022-07-01;15.072;14.592;1.0085;21.0;50.0;12.0;0;21;2;3;9;3;0;1;0;0;0
P-17;2022-08-01;13.549;13.139;0.9785;21.0;50.0;12.0;0;21;2;3;8;2;0;1;0;0;0
P-17;2022-09-01;11.148;10.648;0.937;19.0;50.0;12.0;0;19;4;3;7;2;0;1;0;0;0
P-17;2022-10-01;12.626;12.226;0.8867;21.0;50.0;12.0;0;21;5;3;7;2;1;0;0;0;0
P-17;2022-11-01;12.737;12.237;0.8667;21.0;50.0;12.0;0;21;5;4;7;2;1;0;0;0;0
P-17;2022-12-01;14.106;14.056;0.8705;21.0;50.0;12.0;0;21;3;6;5;2;0;0;0;0;0
P-18;2021-02-01;17.553;17.053;1.08;28.0;60.0;11.5;0;28;5;11;9;3;0;6;0;0;0
P-18;2021-03-01;17.079;16.919;1.06;27.0;60.0;11.5;0;27;5;11;10;1;0;6;0;0;0
P-18;2021-04-01;18.473;18.473;1.04;31.0;60.0;11.5;0;31;3;9;9;2;0;8;0;0;0
P-18;2021-05-01;17.565;17.315;1.0;30.0;62.0;11.5;0;30;3;10;8;3;0;8;0;0;0
P-18;2021-06-01;17.825;17.575;1.01;28.0;60.0;11.5;0;28;4;11;7;3;0;6;0;0;0
P-18;2021-07-01;18.261;17.961;0.99;27.0;62.0;11.5;0;27;4;12;6;3;0;6;0;0;0
P-18;2021-08-01;18.015;17.615;1.01;29.0;62.0;11.5;0;29;2;8;10;2;0;6;0;0;0
P-18;2021-09-01;18.092;17.692;1.0;31.0;30.0;11.5;0;31;1;6;9;4;6;0;0;0;0
P-18;2021-10-01;15.548;15.198;0.98;29.0;31.0;11.5;0;29;2;7;8;4;3;0;0;0;0
P-18;2021-11-01;14.118;13.758;0.96;26.0;45.0;11.5;0;26;4;8;9;1;3;0;0;0;0
P-18;2021-12-01;15.01;14.65;0.91;24.0;45.0;11.5;0;24;4;10;9;1;2;0;0;0;0
P-18;2022-01-01;12.628;12.418;0.88;24.0;45.0;11.5;0;24;4;11;10;1;1;0;1;0;0
P-18;2022-02-01;14.203;14.083;0.87;22.0;45.0;11.5;0;22;6;10;11;0;1;0;1;0;0
P-18;2022-03-01;15.752;15.692;0.908;24.0;45.0;11.5;0;24;4;9;12;0;1;0;1;0;0
P-18;2022-04-01;16.478;16.418;0.96;26.0;45.0;11.5;0;26;3;8;14;0;0;0;2;0;0
P-18;2022-05-01;18.451;18.391;0.9695;27.0;45.0;11.5;0;27;2;8;16;0;0;0;2;0;0
P-18;2022-06-01;16.756;16.456;1.008;27.0;45.0;11.5;0;27;2;8;16;0;0;0;2;0;0
P-18;2022-07-01;15.667;15.407;1.022;26.0;45.0;11.5;0;26;2;8;16;2;0;0;2;0;0
P-18;2022-08-01;12.398;12.338;1.0647;26.0;45.0;11.5;0;26;2;8;16;0;0;0;2;0;0
P-18;2022-09-01;12.278;12.138;1.0347;26.0;45.0;11.5;0;26;2;8;16;0;0;0;2;0;0
P-18;2022-10-01;13.24;13.06;1.0325;26.0;45.0;11.5;0;26;2;8;16;1;0;0;2;0;0
P-18;2022-11-01;12.518;12.458;1.0427;26.0;45.0;11.5;0;26;2;8;17;0;0;0;2;0;0
P-18;2022-12-01;12.912;12.692;1.0335;26.0;45.0;11.5;0;26;2;8;17;0;0;0;2;0;0
P-19;2021-01-01;15.592;15.592;1.05;33.0;60.0;18.5;0;33;8;1;15;2;0;0;0;0;0
P-19;2021-02-01;16.623;16.573;1.02;30.0;60.0;18.5;0;30;10;2;14;3;0;0;0;0;0
P-19;2021-03-01;16.068;16.018;1.0;33.0;60.0;18.5;0;33;7;2;13;4;0;0;0;0;0
P-19;2021-04-01;17.911;17.661;0.98;32.0;62.0;18.5;0;32;7;3;14;1;0;1;0;0;0
P-19;2021-05-01;18.51;18.29;1.0;36.0;60.0;18.5;0;36;3;3;13;2;1;0;0;0;0
P-19;2021-06-01;19.504;19.254;0.98;35.0;62.0;18.5;0;35;2;3;15;3;1;0;0;0;0
P-19;2021-07-01;16.836;16.516;0.99;35.0;62.0;18.5;0;35;1;4;15;2;1;0;0;0;0
P-19;2021-08-01;17.983;17.633;1.0;32.0;30.0;18.5;0;32;1;7;15;1;1;0;0;0;0
P-19;2021-09-01;17.313;17.013;0.96;31.0;30.0;18.5;0;31;1;8;15;2;1;0;0;0;0
P-19;2021-10-01;15.01;14.715;0.93;28.0;45.0;18.5;0;28;2;10;10;5;1;0;0;0;0
P-19;2021-11-01;13.544;13.259;0.89;26.0;45.0;18.5;0;26;3;9;14;5;1;0;0;0;0
P-19;2021-12-01;12.428;12.133;0.87;24.0;45.0;18.5;0;24;4;8;16;5;0;0;0;0;0
P-19;2022-01-01;14.716;14.381;0.85;23.0;45.0;18.5;0;23;5;9;16;5;0;0;0;0;0
P-19;2022-02-01;12.393;12.238;0.9347;18.0;45.0;20.0;0;18;7;12;16;2;0;0;0;0;0
P-19;2022-03-01;12.393;12.238;0.9347;18.0;45.0;18.5;0;18;7;12;16;2;0;0;0;0;0
P-19;2022-04-01;14.139;14.079;0.9845;16.0;45.0;20.0;0;16;9;12;16;0;0;0;0;0;0
P-19;2022-05-01;13.847;13.772;1.0245;16.0;45.0;20.0;0;16;9;11;17;0;0;0;0;0;0
P-19;2022-06-01;12.972;12.927;1.0227;17.0;45.0;20.0;0;17;8;12;15;2;0;0;0;0;0
P-19;2022-07-01;12.944;12.694;1.0607;19.0;45.0;20.0;0;19;8;12;15;2;0;0;0;0;0
P-19;2022-08-01;12.862;12.762;1.0707;18.0;45.0;20.0;0;18;8;12;17;0;0;0;0;0;0
P-19;2022-09-01;12.02;11.92;1.0807;18.0;45.0;20.0;0;18;9;12;19;0;0;0;0;0;0
P-19;2022-10-01;10.338;10.238;1.063;19.0;45.0;20.0;0;19;9;12;19;2;0;0;0;0;0
P-19;2022-11-01;11.152;11.052;1.0383;19.0;45.0;20.0;0;19;11;12;19;2;0;0;0;0;0
P-19;2022-12-01;9.498;9.448;0.9334;20.0;45.0;20.0;0;20;8;12;17;0;0;0;0;0;0
P-20;2021-09-01;34.802;34.602;1.01;40.0;31.0;19.5;0;40;6;8;12;3;0;0;0;0;0
P-20;2021-10-01;32.197;31.997;1.01;40.0;30.0;19.5;0;40;6;8;10;4;0;0;0;0;0
P-20;2021-11-01;31.539;31.339;1.01;35.0;30.0;19.5;0;35;9;9;12;2;0;0;0;0;0
P-20;2021-12-01;31.714;31.654;1.01;37.0;31.0;19.5;0;37;7;9;11;2;0;0;0;0;0
P-20;2022-01-01;28.798;28.378;1.0;38.0;30.0;19.5;0;38;4;8;8;4;0;0;0;0;0
P-20;2022-02-01;26.394;26.074;0.94;40.0;30.0;19.5;0;40;4;8;9;4;0;0;0;0;0
P-20;2022-03-01;23.89;23.35;0.92;37.0;30.0;19.5;0;37;7;7;19;6;0;0;0;0;0
P-20;2022-04-01;29.182;28.822;0.91;36.0;31.0;19.5;0;36;3;12;19;4;0;0;0;0;0
P-20;2022-05-01;26.077;25.897;0.88;37.0;30.0;19.5;0;37;2;12;19;4;0;0;0;0;0
P-20;2022-06-01;28.235;28.055;0.88;37.0;30.0;19.5;0;37;2;12;19;3;0;0;0;0;0
P-20;2022-07-01;29.63;29.33;0.92;36.0;60.0;19.5;0;36;3;8;19;6;0;0;0;0;0
P-20;2022-08-01;28.585;28.135;0.97;37.0;60.0;19.5;0;37;2;8;19;5;0;0;0;0;0
P-20;2022-09-01;29.895;29.395;1.02;37.0;60.0;19.5;0;37;2;7;17;7;0;0;0;0;0
P-20;2022-10-01;28.228;27.328;1.07;45.0;60.0;19.5;0;45;1;2;15;12;0;0;0;0;0
P-20;2022-11-01;22.646;22.646;1.06;36.0;77.0;19.5;0;36;5;8;15;7;0;0;0;0;0
P-20;2022-12-01;9.786;9.786;1.07;31.0;77.0;19.5;0;31;8;10;15;5;0;0;0;0;0
P-21;2021-06-01;22.076;21.996;1.03;28.0;60.0;11.3;0;28;4;7;13;7;4;5;0;0;0
P-21;2021-07-01;23.342;23.262;1.03;27.0;60.0;11.3;0;27;5;7;13;6;4;5;0;0;0
P-21;2021-08-01;22.473;22.393;1.01;29.0;60.0;3.0;0;29;4;7;11;6;4;6;1;0;0
P-21;2021-09-01;23.365;23.315;0.98;27.0;62.0;3.0;0;27;7;10;11;4;6;7;1;0;0
P-21;2021-10-01;23.944;23.894;0.98;28.0;60.0;3.0;0;28;5;12;8;2;5;7;1;0;0
P-21;2021-11-01;24.802;24.802;0.97;32.0;60.0;7.0;0;32;1;12;6;1;3;8;1;0;0
P-21;2021-12-01;28.108;28.078;1.0;31.0;80.0;11.0;0;31;1;10;7;2;5;6;1;0;0
P-21;2022-01-01;24.882;24.852;1.01;30.0;80.0;11.0;0;30;2;7;7;2;4;6;1;0;0
P-21;2022-02-01;24.529;24.509;0.99;26.0;80.0;11.0;0;26;6;7;7;2;2;6;1;0;0
P-21;2022-03-01;24.231;24.211;0.98;29.0;110.0;11.0;0;29;3;7;7;2;2;6;3;0;0
P-21;2022-04-01;22.141;22.091;0.91;31.0;110.0;3.0;0;31;1;5;9;2;2;6;3;0;0
P-21;2022-05-01;20.225;20.205;0.9;30.0;106.0;3.0;0;30;2;4;10;2;2;6;3;0;0
P-21;2022-06-01;19.988;19.958;0.87;29.0;110.0;3.0;0;29;6;4;8;2;4;4;3;0;0
P-21;2022-07-01;19.317;19.267;0.83;28.0;80.0;7.0;0;28;6;3;6;6;4;2;1;0;0
P-21;2022-08-01;19.034;18.984;0.93;28.0;60.0;7.0;0;28;6;3;6;6;4;2;1;0;0
P-21;2022-09-01;17.682;17.632;0.91;28.0;60.0;10.3;0;28;8;4;4;7;2;2;3;0;0
P-21;2022-10-01;18.782;18.772;0.96;29.0;60.0;10.25;0;29;5;6;10;7;3;2;3;0;0
P-21;2022-11-01;19.638;19.618;0.98;30.0;60.0;10.25;0;30;3;7;10;6;2;2;3;0;0
P-21;2022-12-01;20.233;20.233;1.02;31.0;60.0;10.25;0;31;2;7;7;5;2;2;3;0;0
P-22;2020-12-01;18.429;18.029;1.065;27.0;60.0;18.0;0;27;4;9;5;2;0;0;0;0;0
P-22;2021-01-01;16.757;16.457;1.02;28.0;60.0;18.0;0;28;3;9;5;0;0;0;0;0;0
P-22;2021-02-01;16.359;16.059;1.0;29.0;60.0;18.0;0;29;4;8;4;2;0;0;0;0;0
P-22;2021-03-01;19.027;18.727;0.9875;30.0;62.0;18.0;0;30;3;8;4;2;0;0;0;0;0
P-22;2021-04-01;19.016;18.716;1.0075;30.0;60.0;18.0;0;30;2;9;4;2;0;0;0;0;0
P-22;2021-05-01;18.391;18.091;0.9975;31.0;60.0;18.0;0;31;1;5;8;1;0;1;0;0;0
P-22;2021-06-01;16.653;16.353;0.99;28.0;60.0;18.0;0;28;3;6;7;2;0;1;0;0;0
P-22;2021-07-01;14.733;14.733;0.9945;26.0;60.0;18.0;0;26;5;7;7;1;2;0;0;0;0
P-22;2021-08-01;15.064;14.844;0.9265;28.0;60.0;18.0;0;28;4;7;6;2;2;0;0;0;0
P-22;2021-09-01;13.294;13.144;0.9065;28.0;38.0;18.0;0;28;4;7;6;1;2;0;0;0;0
P-22;2021-10-01;15.301;15.101;0.882;27.0;38.0;18.0;0;27;7;7;6;1;0;0;0;0;0
P-22;2021-11-01;16.1;15.84;0.858;32.0;38.0;18.0;0;32;3;8;6;3;0;0;0;0;0
P-22;2021-12-01;20.039;19.939;0.8655;31.0;38.0;18.0;0;31;4;7;7;1;0;0;0;0;0
P-22;2022-01-01;20.08;19.88;0.9055;30.0;38.0;18.0;0;30;5;4;10;1;0;0;0;0;0
P-22;2022-02-01;17.974;17.274;0.922;30.0;38.0;18.0;0;30;5;4;10;1;0;0;0;0;0
P-22;2022-03-01;17.584;16.984;0.952;30.0;39.5;18.0;0;30;5;4;7;3;0;0;0;0;0
P-22;2022-04-01;18.848;18.648;0.9795;30.0;38.0;18.0;0;30;5;4;7;2;0;0;0;0;0
P-22;2022-05-01;20.202;19.902;1.0195;31.0;38.0;18.0;0;31;4;4;7;2;0;0;0;0;0
P-22;2022-06-01;18.447;18.147;1.0735;31.0;38.0;18.0;0;31;4;4;5;2;0;0;0;0;0
P-22;2022-07-01;16.151;15.801;1.066;31.0;38.0;18.0;0;31;4;5;5;2;0;0;0;0;0
P-22;2022-08-01;15.189;14.789;1.0765;30.0;38.0;18.0;0;30;4;6;6;2;0;0;0;0;0
P-22;2022-09-01;14.594;14.244;1.0245;29.0;38.0;18.0;0;29;5;6;6;2;0;0;0;0;0
P-22;2022-10-01;15.267;14.917;1.0085;29.0;38.0;18.0;0;29;6;4;9;1;0;0;0;0;0
P-22;2022-11-01;16.838;16.438;0.926;30.0;38.0;18.0;0;30;5;4;8;1;0;0;0;0;0
P-22;2022-12-01;18.806;18.406;0.9423;30.0;38.0;18.0;0;30;5;3;8;2;0;0;0;0;0
P-23;2021-12-01;4.976;4.976;1.04;10.0;30.0;7.5;0;10;5;3;4;0;0;0;0;0;0
P-23;2022-01-01;4.545;4.385;1.01;11.0;30.0;7.5;0;11;4;3;4;0;0;0;0;0;0
P-23;2022-02-01;4.65;4.49;0.98;9.0;30.0;7.5;0;9;7;3;3;1;0;0;0;0;0
P-23;2022-03-01;4.65;4.49;0.98;11.0;30.0;7.5;0;11;3;4;3;1;0;0;0;0;0
P-23;2022-04-01;4.436;4.376;0.99;11.0;30.0;7.5;0;11;3;4;3;1;0;0;0;0;0
P-23;2022-05-01;4.385;4.185;0.99;12.0;31.0;7.5;0;12;3;4;3;1;0;0;0;0;0
P-23;2022-06-01;3.97;3.97;0.99;10.0;31.0;7.5;0;10;4;5;2;2;0;0;0;0;0
P-23;2022-07-01;3.367;3.152;0.97;11.0;30.0;7.5;0;11;3;5;2;2;0;0;0;0;0
P-23;2022-08-01;2.881;2.881;0.93;11.0;31.0;7.5;0;11;2;5;1;2;0;0;0;0;0
P-23;2022-09-01;2.961;2.791;0.91;11.0;30.0;7.5;0;11;3;5;1;2;0;0;0;0;0
P-23;2022-10-01;3.722;3.507;0.89;10.0;31.0;7.5;0;10;4;5;1;1;0;0;0;0;0
P-23;2022-11-01;4.259;4.059;0.88;12.0;28.0;7.5;0;12;2;4;2;1;0;0;0;0;0
P-23;2022-12-01;4.305;4.155;0.88;10.0;31.0;7.5;0;10;2;4;2;1;0;0;0;0;0
P-24;2021-12-01;9.694;9.454;1.02;17.0;30.0;10.0;0;17;1;4;5;2;0;0;0;0;0
P-24;2022-01-01;9.546;9.546;1.02;14.0;30.0;10.0;0;14;3;4;6;0;0;0;0;0;0
P-24;2022-02-01;8.428;8.428;1.01;14.0;30.0;10.0;0;14;3;3;7;0;0;0;0;0;0
P-24;2022-03-01;8.224;8.224;0.99;13.0;31.0;10.0;0;13;4;3;7;0;0;0;0;0;0
P-24;2022-04-01;8.05;7.75;0.96;13.0;30.0;10.0;0;13;4;3;4;3;0;0;0;0;0
P-24;2022-05-01;8.248;7.848;0.96;13.0;30.0;10.0;0;13;4;3;4;3;0;0;0;0;0
P-24;2022-06-01;8.316;7.816;0.96;13.0;30.0;10.0;0;13;4;3;5;2;0;0;0;0;0
P-24;2022-07-01;8.723;8.223;0.95;15.0;30.0;10.0;0;15;1;3;5;3;0;0;0;0;0
P-24;2022-08-01;8.391;7.941;0.94;15.0;30.0;31.0;0;15;2;3;5;2;0;0;0;0;0
P-24;2022-09-01;7.368;6.918;0.91;16.0;30.0;10.0;0;16;2;3;5;3;0;0;0;0;0
P-24;2022-10-01;8.001;8.001;0.89;14.0;30.0;10.0;0;14;4;3;4;0;0;0;0;0;0
P-24;2022-11-01;8.547;7.093;0.88;16.0;28.0;31.0;0;16;2;2;4;0;0;0;0;0;0
P-24;2022-12-01;8.85;8.61;0.85;14.0;30.0;31.0;0;14;2;4;4;1;1;0;0;0;0
P-25;2021-12-01;30.505;30.415;1.11;44.0;30.0;20.5;0;44;2;21;27;5;0;0;0;0;0
P-25;2022-01-01;32.939;32.819;1.09;45.0;30.0;20.5;0;45;1;19;29;3;0;0;0;0;0
P-25;2022-02-01;31.001;30.821;1.05;48.0;30.0;20.5;0;48;0;19;31;3;0;0;0;0;0
P-25;2022-03-01;34.566;34.386;1.03;48.0;30.0;20.5;0;48;0;19;31;3;0;0;0;0;0
P-25;2022-04-01;35.368;35.248;1.04;47.0;30.0;20.5;0;47;1;20;31;3;0;0;0;0;0
P-25;2022-05-01;34.605;34.485;1.03;44.0;31.0;20.5;0;44;4;21;24;9;0;0;0;0;0
P-25;2022-06-01;34.882;34.662;1.04;40.0;31.0;20.5;0;40;6;24;24;8;0;0;0;0;0
P-25;2022-07-01;33.347;32.847;1.04;44.0;31.0;20.5;0;44;4;17;32;5;0;0;0;0;0
P-25;2022-08-01;31.378;31.378;1.01;43.0;31.0;20.5;0;43;4;21;32;2;0;0;0;0;0
P-25;2022-09-01;29.749;29.749;0.95;43.0;31.0;20.5;0;43;6;21;13;11;0;0;0;0;0
P-25;2022-10-01;31.586;31.586;0.92;45.0;31.0;20.5;0;45;6;20;14;10;0;0;0;0;0
P-25;2022-11-01;28.389;28.389;0.89;48.0;31.0;20.5;0;48;3;17;17;8;0;0;0;0;0
P-25;2022-12-01;17.406;17.406;0.9;48.0;31.0;20.5;0;48;4;19;17;7;0;0;0;0;0
