Property;Period;Milk Production (liters/month);Milk Sales (liters/month);Milk Gross Price (R$/liter);Number of Lactating Cows;Employees During the Month (man-days/month);Area Used for Dairy Activity (ha);Reproducers;Lactating Cows;Dry Cows;Pregnant Heifers;Heifers in Raising;Suckling Calves (female);Suckling Calves (male);Male Calves in Raising;Male Calves in Fattening;Draft and Breeding Bulls;Equines and Mules
P-1;9;13.044;12.744;1.054;23;60;11;0;23;3;6;21;4;0;0;0;0;0
P-1;8;12.068;11.768;1.036;23;60;11;0;23;3;6;21;4;0;0;0;0;0
P-1;7;12.659;12.659;1.0247;19;60;11;0;19;5;6;22;1;0;0;0;0;0
P-1;6;13.391;13.191;1.0065;21;62;11;0;21;3;7;19;4;0;0;0;0;0
P-1;5;14.944;14.694;0.9965;22;60;11;0;22;2;7;19;3;0;0;0;0;0
P-1;4;15.466;15.466;1.004;21;62;11;0;21;2;5;21;3;0;0;0;0;0
P-1;3;15.335;15.335;1.006;22;31;11;0;22;0;6;20;3;0;0;0;0;0
P-1;2;14.878;14.698;1.0085;22;30;11;0;22;0;6;20;3;0;0;0;0;0
P-1;1;13.474;13.474;0.9665;22;31;11;0;22;1;6;20;1;0;0;0;0;0
P-2;6;23.532;23.532;1.117;28;45;8;0;28;3;10;12;4;0;1;0;0;0
P-2;5;25.608;25.608;1.097;26;45;8;0;26;5;9;13;1;0;1;0;0;0
P-2;4;25.362;25.362;1.0545;30;45;8;0;30;2;8;15;1;0;1;0;0;0
P-2;3;24.603;24.603;1.0325;29;45;8;0;29;2;9;13;3;0;1;0;0;0
P-2;2;29.022;29.022;1.0225;30;45;8;0;30;4;9;13;1;0;3;0;0;0
P-2;1;29.082;29.082;1.04;32;45;8;0;32;2;5;17;1;0;3;0;0;0
P-3;14;20.482;20.482;1.06;26.00;60;20.5;0;26;7;8;8;3;0;0;0;0;0
P-3;13;22.582;22.582;1.05;28.00;60;20.5;0;28;5;8;8;2;0;0;0;0;0
P-3;12;21.402;21.402;1.01;26.00;60;20.5;0;26;4;11;8;1;0;0;0;0;0
P-3;11;25.761;25.761;1.00;29.00;60;20.5;0;29;1;6;13;1;0;0;0;0;0
P-3;10;21.618;21.618;1.02;32.00;60;20.5;0;32;1;2;11;7;0;0;0;0;0
P-3;9;26.215;26.215;1.02;30.00;60;20.5;0;30;1;4;11;5;0;0;0;0;0
P-3;8;24.042;24.042;1.015;28;30;20.5;0;28;3;4;11;5;0;0;0;0;0
P-3;7;16.700;16.700;0.9997;23;30;20.5;0;23;6;6;9;3;0;0;0;0;0
P-3;6;18.801;18.801;0.9475;23;30;20.5;0;23;6;5;12;2;0;0;0;0;0
P-3;5;20.443;20.443;0.9235;27;30;20.5;0;27;4;3;17;2;0;0;0;0;0
P-3;4;22.303;22.303;0.8948;27;30;20.5;0;27;4;3;17;2;0;0;0;0;0
P-3;3;21.019;21.019;0.8606;32;30;20.5;0;32;1;4;11;7;0;0;0;0;0
P-3;2;22.081;22.081;0.873;29;30;20.5;0;29;3;5;6;8;0;1;0;0;0
P-3;1;17.370;17.370;0.878;29;46;14;0;29;3;5;6;8;0;1;0;0;0
P-4;19;19.253;18.803;1.075;22;31;7;0;22;4;9;9;1;0;0;0;0;0
P-4;18;19.253;18.803;1.075;24;31;7;0;24;2;7;10;2;0;0;0;0;0
P-4;17;19.381;19.021;1.0375;23;30;7;0;23;3;4;11;3;0;0;0;0;0
P-4;16;20.041;19.591;1.0075;27;30;7;0;27;1;5;11;2;0;0;0;0;0
P-4;15;21.519;20.269;1.0175;26;30;7;0;26;1;6;10;3;0;0;0;0;0
P-4;14;22.213;21.213;1.025;27;62;7;0;27;2;7;9;4;0;0;0;0;0
P-4;13;18.155;17.305;1.012;25;60;7;0;25;4;7;9;3;0;0;0;0;0
P-4;12;18.744;18.444;1.0195;25;60;7;0;25;5;7;10;2;0;0;0;0;0
P-4;11;19.769;19.519;0.9837;26;62;10;0;26;4;7;12;1;0;0;0;0;0
P-4;10;16.444;16.444;0.943;24;62;10;0;24;4;9;13;1;0;0;0;0;0
P-4;9;16.118;15.608;0.908;23;62;10;0;23;4;10;10;3;0;0;0;0;0
P-4;8;15.649;15.269;0.888;23;56;10;0;23;4;11;10;3;0;0;0;0;0
P-4;7;14.349;14.089;0.8905;21;45;10;0;21;6;11;9;1;0;0;0;0;0
P-4;6;16.575;16.355;0.918;20;62;10;0;20;6;12;9;2;0;0;0;0;0
P-4;5;18.604;18.364;0.9735;26;62;10;0;26;3;11;10;2;0;0;0;0;0
P-4;4;21.444;21.224;1.021;24;62;10;0;24;3;11;10;1;0;0;0;0;0
P-4;3;20.681;20.581;1.0235;24;62;10;0;24;3;11;7;4;0;0;0;0;0
P-4;2;20.711;20.351;1.0575;24;62;10;0;24;3;7;11;4;0;0;0;0;0
P-4;1;23.117;22.617;1.107;24;62;10;0;24;3;7;11;4;0;0;0;0;0
P-5;8;8.435;8.135;1.04;15;30;6.5;0;15;0;1;4;1;0;1;0;0;0
P-5;7;8.215;7.915;1.01;14;30;6.5;0;14;1;2;4;1;1;1;0;0;0
P-5;6;9.162;8.662;1.01;14;30;6.5;0;14;1;2;4;2;1;1;0;0;0
P-5;5;9.358;8.768;0.98;15;30;6.5;0;15;0;2;4;2;1;1;0;0;0
P-5;4;8.806;8.506;0.99;13;30;6.5;0;13;2;2;2;3;1;0;1;0;0
P-5;3;8.470;7.970;0.99;14;30;6.5;0;14;1;1;2;3;0;0;1;0;0
P-5;2;8.505;7.855;0.99;14;30;6.5;0;14;1;0;3;3;0;0;1;0;0
P-5;1;7.026;6.176;0.99;12;30;6.5;0;12;3;0;1;2;0;0;1;0;0
P-6;6;26.891;26.491;0.91;34;62;50;0;34;5;6;7;4;0;0;0;0;0
P-6;5;28.036;27.436;0.95;33;62;50;0;33;5;7;7;2;0;0;0;0;0
P-6;4;31.392;30.816;1.01;33;62;22;0;33;3;7;7;2;0;0;0;0;0
P-6;3;32.640;32.297;1.06;37;62;22;0;37;0;6;9;2;0;0;0;0;0
P-6;2;32.327;32.062;1.08;39;62;22;0;39;0;6;9;2;0;0;0;0;0
P-6;1;33.386;32.786;1.10;38;62;22;0;38;1;7;9;2;0;0;0;0;0
P-7;13;21.306;21.216;1.12;30;60;19.5;0;30;2;3;11;3;0;1;0;0;0
P-7;12;21.692;21.602;1.10;30;60;19.5;0;30;2;3;11;3;0;1;0;0;0
P-7;11;23.027;22.947;1.06;31;60;19.5;0;31;1;3;11;3;1;0;0;0;0
P-7;10;26.042;25.952;1.02;32;60;19.5;0;32;1;3;12;3;1;0;0;0;0
P-7;9;23.140;22.960;1.03;29;60;19.5;0;29;1;6;12;3;1;0;0;0;0
P-7;8;20.736;20.706;0.99;26;60;19.5;0;26;1;9;11;3;1;0;0;0;0
P-7;7;20.228;20.198;0.9995;25;80;19.5;0;25;4;8;11;4;0;0;0;0;0
P-7;6;19.235;19.205;1.0215;23;80;19.5;0;23;5;9;11;2;0;0;0;0;0
P-7;5;19.477;19.427;0.9895;27;80;19.5;0;27;3;9;13;4;0;0;0;0;0
P-7;4;17.425;17.375;0.96;30;80;19.5;0;30;2;10;10;4;0;0;0;0;0
P-7;3;16.340;16.290;0.898;28;80;19.5;0;28;3;10;14;3;0;0;0;0;0
P-7;2;16.525;16.475;0.856;23;80;19.5;0;23;5;12;14;2;0;0;0;0;0
P-7;1;19.182;19.132;0.8735;25;60;19.5;0;25;3;12;14;2;0;0;0;0;0
P-8;12;8.576;8.516;0.99;14;30;6;1;14;5;1;4;0;0;0;0;0;0
P-8;11;9.224;9.144;0.97;17;30;6;1;17;2;0;5;0;0;0;0;0;0
P-8;10;10.925;10.845;0.95;16;30;6;1;16;3;0;5;0;0;0;0;0;0
P-8;9;11.958;11.778;0.96;20;30;6;1;20;1;0;5;0;0;0;0;0;0
P-8;8;11.750;11.530;0.97;20;30;6;1;20;1;0;5;0;0;0;0;0;0
P-8;7;9.004;8.854;0.96;17;30;6;0;17;4;0;4;1;0;0;0;0;0
P-8;6;8.765;8.615;0.96;15;30;6;0;15;5;2;4;0;0;0;0;0;0
P-8;5;9.037;8.887;0.91;16;30;6;0;16;4;2;4;0;0;0;0;0;0
P-8;4;9.327;9.057;0.90;17;30;6;0;17;3;2;3;1;0;0;0;0;0
P-8;3;9.096;8.846;0.87;16;30;6;0;16;4;3;3;1;0;0;0;0;0
P-8;2;9.130;8.830;0.84;15.00;26;6;0;15;5;3;5;1;0;0;0;0;0
P-8;1;8.863;8.363;0.84;17.00;26;6;0;17;3;3;5;0;0;0;0;0;0
P-9;18;1.833;1.833;0.96;9;30;12.5;2;9;3;0;9;1;0;0;0;0;0
P-9;17;2.060;2.060;0.98;11;30;12.5;2;11;5;0;9;1;0;0;0;0;0
P-9;16;2.598;2.598;0.96;14;30;12.5;2;14;2;0;9;1;0;0;0;0;0
P-9;15;3.271;3.151;0.98;14;30;12.5;2;14;2;0;9;1;0;0;0;0;0
P-9;14;4.039;4.039;0.98;13;31;12.5;2;13;3;0;9;1;0;0;0;0;0
P-9;13;4.010;3.850;0.98;13;31;12.5;2;13;2;1;8;3;0;0;0;0;0
P-9;12;3.493;3.293;0.98;13;30;12.5;2;13;2;1;8;3;0;0;0;0;0
P-9;11;3.302;3.082;0.92;12;31;12.5;2;12;3;1;8;2;0;0;0;0;0
P-9;10;3.113;3.113;0.90;10;30;12.5;2;10;5;1;8;0;0;0;0;0;0
P-9;9;4.423;4.423;0.88;10;31;12.5;2;10;5;1;8;0;0;0;0;0;0
P-9;8;4.818;4.818;0.87;13;28;12.5;2;13;2;1;7;1;0;0;0;0;0
P-9;7;5.746;5.626;0.85;15;31;12.5;2;15;0;0;8;1;1;0;0;0;0
P-9;6;5.762;5.512;0.8777;14;31;12.5;2;14;0;1;8;1;0;0;0;0;0
P-9;5;4.943;4.943;0.9177;13;30;13;3;13;0;0;7;0;2;0;0;0;0
P-9;4;4.212;4.112;0.944;13;31;13;3;13;0;0;5;2;2;0;0;0;0
P-9;3;4.136;4.054;1.008;11;30;13;3;11;2;0;5;2;0;0;0;0;0
P-9;2;3.292;2.824;0.9865;10;31;13;3;10;3;0;2;4;0;0;0;0;0
P-9;1;2.391;2.141;1.0205;9;31;13;3;9;4;0;2;4;3;0;0;0;0
P-10;13;15.494;15.264;1.05;25;60;16;0;25;4;15;7;0;0;0;0;0;0
P-10;12;16.656;16.444;1.00;28;60;16;0;28;3;13;9;0;0;0;0;0;0
P-10;11;16.538;16.288;0.99;28;60;16;0;28;3;11;8;3;0;0;0;0;0
P-10;10;17.024;16.774;0.99;26;60;16;0;26;4;12;8;2;0;0;0;0;0
P-10;9;16.404;16.154;0.98;26;60;16;0;26;3;13;8;2;0;0;0;0;0
P-10;8;17.483;17.233;0.99;26;60;16;0;26;4;11;9;3;0;0;0;0;0
P-10;7;14.954;14.884;0.97;26;56;16;0;26;3;9;10;5;3;0;0;0;0
P-10;6;17.928;17.858;1.00;26;56;16;0;26;7;8;10;5;0;0;0;0;0
P-10;5;18.380;18.110;0.94;30;56;16;0;30;3;9;10;5;0;0;0;0;0
P-10;4;18.382;17.412;0.92;31;56;16;0;31;3;5;14;5;0;0;0;0;0
P-10;3;18.448;18.358;0.90;28;56;16;0;28;6;5;15;0;0;0;0;0;0
P-10;2;18.536;18.416;0.89;28;56;16;0;28;5;6;11;4;0;0;0;0;0
P-10;1;24.206;23.156;0.87;30;31;26.5;0;30;3;6;10;5;1;0;0;0;0
P-11;14;12.690;12.290;1.03;13;30;5;0;13;2;4;2;3;0;0;0;0;0
P-11;13;14.440;14.080;1.01;14;30;5;0;14;1;5;2;2;0;0;0;0;0
P-11;12;13.160;13.100;0.99;14;30;5;0;14;1;3;2;4;0;0;0;0;0
P-11;11;11.750;11.695;0.98;13;30;5;0;13;1;3;3;4;0;0;0;0;0
P-11;10;9.585;9.535;0.95;10;30;5;0;10;3;4;3;2;0;0;0;0;0
P-11;9;9.244;9.194;0.96;9;30;5;0;9;4;4;3;1;0;0;0;0;0
P-11;8;9.042;8.992;0.96;9;30;5;0;9;4;4;4;0;0;0;0;0;0
P-11;7;10.509;10.449;0.98;11;30;15;0;11;2;4;4;0;0;0;0;0;0
P-11;6;10.397;10.337;0.95;12;30;15;0;12;1;4;3;1;0;0;0;0;0
P-11;5;9.028;8.968;0.94;11;30;15;0;11;1;4;4;1;0;0;0;0;0
P-11;4;8.964;8.904;0.89;10;31;15;0;10;3;4;5;0;0;0;0;0;0
P-11;3;8.878;8.818;0.86;11;28;15;0;11;2;4;5;0;0;0;0;0;0
P-11;2;10.715;10.655;0.86;12;30;15;0;12;2;4;5;0;0;0;0;0;0
P-11;1;10.370;10.310;0.8833;12;30;15;0;12;2;4;5;0;0;0;0;0;0
P-12;25;27.142;27.142;1.11;33;60;20.5;0;33;6;7;15;1;0;0;0;0;0
P-12;24;26.401;26.401;1.08;31;60;20.5;0;31;6;8;15;2;0;0;0;0;0
P-12;23;28.710;28.710;1.04;33;60;20.5;0;33;4;8;15;2;0;0;0;0;0
P-12;22;31.698;31.698;1.03;35;60;20.5;0;35;2;8;16;2;0;0;0;0;0
P-12;21;32.127;32.127;1.03;36;60;20.5;0;36;2;8;16;2;0;0;0;0;0
P-12;20;30.048;30.048;1.02;34;45;20.5;0;34;3;8;14;3;0;0;0;0;0
P-12;19;26.880;26.520;1.02;30;45;20.5;0;30;6;10;16;2;0;0;0;0;0
P-12;18;26.935;26.515;1.02;31;45;20.5;0;31;6;9;14;4;0;0;0;0;0
P-12;17;26.315;25.975;1.01;35;45;20.5;0;35;3;9;14;2;0;0;0;0;0
P-12;16;24.854;24.504;0.97;33;45;20.5;0;33;6;12;11;4;0;0;0;0;0
P-12;15;27.609;27.369;0.93;38;45;20.5;0;38;1;11;11;4;0;0;0;0;0
P-12;14;26.689;26.569;0.91;38;45;20.5;0;38;2;12;11;3;0;0;0;0;0
P-12;13;29.884;29.844;0.90;33;45;20.5;0;33;5;9;15;2;0;0;0;0;0
P-12;12;30.496;30.416;0.94;33.00;45;20.5;0;33;5;9;15;2;0;0;0;0;0
P-12;11;30.054;29.814;0.98;32;45;20.5;0;32;6;8;16;3;0;0;0;0;0
P-12;10;30.585;30.105;1.0335;37;45;14.5;0;37;2;7;15;4;0;0;0;0;0
P-12;9;31.522;30.622;1.0775;38;63;14.5;0;38;3;7;9;11;0;0;0;0;0
P-12;8;33.084;32.184;1.0895;34;62;14.5;0;34;6;8;9;10;0;0;0;0;0
P-12;7;29.294;29.294;1.122;34;62;14.5;0;34;5;7;13;9;0;0;0;0;0
P-12;6;25.501;25.501;1.1125;34;62;14.5;0;34;5;7;13;7;0;0;0;0;0
P-12;5;25.611;25.611;1.1125;34;62;14.5;0;34;7;7;13;4;0;0;0;0;0
P-12;4;25.580;25.580;1.1125;31;60;14.5;0;31;8;6;15;4;0;0;0;0;0
P-12;3;26.817;26.817;0.97;29;62;14.5;0;29;11;8;9;11;0;0;0;0;0
P-12;2;24.163;24.163;0.9673;35;56;14.5;0;35;5;8;9;9;0;0;0;0;0
P-12;1;29.711;29.711;0.9748;34;62;14.5;0;34;4;10;9;9;0;0;0;0;0
P-13;11;12.306;11.826;1.02;22.00;45;13;1;22;5;1;4;2;2;0;0;0;0
P-13;10;12.251;12.191;0.98;22.00;45;13;1;22;4;2;4;0;1;0;0;0;0
P-13;9;13.981;13.671;0.99;22.00;45;13;1;22;3;3;4;0;0;0;0;0;0
P-13;8;15.614;15.554;0.98;24.00;45;13;1;24;2;3;4;0;0;0;0;0;0
P-13;7;16.255;16.195;1.00;24.00;45;13;1;24;2;3;4;0;0;0;0;0;0
P-13;6;17.394;17.334;1.00;23.00;45;13;0;23;2;3;5;0;0;0;0;0;0
P-13;5;17.997;17.497;0.99;23.00;45;13;0;23;2;3;5;0;0;0;0;0;0
P-13;4;16.598;15.738;1.00;22.00;45;13;0;22;2;7;8;2;0;0;3;0;0
P-13;3;16.249;15.689;0.94;21.00;45;13;0;21;3;7;4;2;3;0;4;0;0
P-13;2;14.336;13.786;0.90;19.00;45;13;0;19;4;9;4;0;0;0;4;0;0
P-13;1;13.912;13.352;0.87;19.00;45;13;0;19;4;9;4;0;0;0;4;0;0
P-14;21;10.797;10.677;0.99;20;30;11;0;20;2;3;7;3;0;1;2;0;0
P-14;20;13.026;12.886;0.97;19;30;11;0;19;2;3;8;2;0;1;2;0;0
P-14;19;12.242;12.122;0.97;21;30;11;0;21;0;4;8;3;1;0;2;0;0
P-14;18;12.990;12.710;0.95;19;30;11;0;19;2;4;7;2;1;0;2;0;0
P-14;17;13.225;12.735;0.97;19;30;11;0;19;2;4;5;4;0;0;3;0;0
P-14;16;13.621;13.381;1.00;18;30;11;0;18;2;5;5;3;0;1;0;0;0
P-14;15;12.881;12.641;1.01;18;30;11;0;18;2;4;8;2;0;1;0;0;0
P-14;14;12.482;12.042;1.00;17;30;11;0;17;3;3;8;1;1;0;0;0;0
P-14;13;12.303;11.823;0.95;18;30;11;0;18;2;7;12;3;1;0;0;0;0
P-14;12;10.092;9.652;0.95;22;30;11;0;22;4;7;12;5;0;0;0;0;0
P-14;11;8.598;8.158;0.87;24;31;11;0;24;3;8;16;5;0;0;0;0;0
P-14;10;7.390;6.950;0.8135;17;30;11;0;17;4;6;5;1;1;0;2;0;0
P-14;9;9.493;9.353;0.833;16;31;11;0;16;5;6;4;1;0;0;2;0;0
P-14;8;10.283;10.183;0.863;19;31;11;0;19;2;6;4;1;0;0;2;0;0
P-14;7;10.915;10.900;0.913;20;35;11;0;20;0;6;5;0;1;0;2;0;0
P-14;6;12.650;12.635;0.9307;20;30;11;0;20;0;7;7;0;0;0;2;0;0
P-14;5;12.887;12.872;0.9907;20;30;11;0;20;0;7;7;0;0;0;2;0;0
P-14;4;12.440;12.425;1.0167;20;31;11;0;20;0;7;7;0;0;0;2;0;0
P-14;3;13.370;13.355;1.0565;22;30;11;0;22;0;6;7;1;0;0;2;0;0
P-14;2;11.617;11.602;1.0687;21;30;11;0;21;1;6;7;1;0;0;2;0;0
P-14;1;9.790;9.775;1.057;20;30;11;0;20;1;7;7;0;0;0;3;0;0
P-15;25;15.109;15.109;1.05;18;60;20.5;0;18;1;7;3;0;0;0;0;0;0
P-15;24;15.109;15.109;1.05;17;60;20.5;0;17;2;7;3;0;0;0;0;0;0
P-15;23;17.221;17.221;1.01;17;60;20.5;0;17;2;7;3;0;0;0;0;0;0
P-15;22;21.385;21.385;1.01;19;62;20.5;0;19;0;6;4;0;0;0;0;0;0
P-15;21;22.206;22.206;1.01;21;60;20.5;0;21;0;4;4;2;0;0;0;0;0
P-15;20;22.142;22.142;1.01;20;60;20.5;0;20;1;4;4;2;0;0;0;0;0
P-15;19;21.854;21.694;1.01;19;30;15.5;0;19;1;4;5;2;0;0;0;0;0
P-15;18;19.607;19.247;1.01;18;30;15.5;0;18;3;3;3;4;0;0;0;0;0
P-15;17;18.396;18.176;0.98;18;30;15.5;0;18;3;2;4;4;0;0;0;0;0
P-15;16;13.892;13.672;0.93;18;30;15.5;0;18;2;3;4;3;0;0;0;0;0
P-15;15;15.082;14.862;0.86;16;30;15.5;0;16;5;2;5;1;0;0;0;0;0
P-15;14;15.052;15.012;0.87;16;30;15.5;0;16;3;4;5;0;0;0;0;0;0
P-15;13;17.061;17.021;0.89;16;30;15.5;0;16;2;5;3;2;0;0;0;0;0
P-15;12;18.252;18.132;0.91;16;30;15.5;0;16;1;7;3;2;0;0;0;0;0
P-15;11;13.808;13.658;0.94;15;30;15.5;0;15;2;7;3;2;0;0;0;0;0
P-15;10;13.512;13.312;0.99;13;31;10;0;13;3;7;3;2;0;0;0;0;0
P-15;9;15.125;14.725;1.01;14;31;10;0;14;1;7;2;3;0;0;0;0;0
P-15;8;17.852;17.852;1.04;14;31;10;0;14;1;7;0;4;0;0;0;0;0
P-15;7;17.118;17.118;1.07;15;31;10;0;15;1;7;2;4;0;0;0;0;0
P-15;6;16.756;16.756;1.07;15;30;10;0;15;1;7;2;4;0;0;0;0;0
P-15;5;18.913;18.913;1.08;14;31;10;0;14;1;7;10;5;0;0;0;0;0
P-15;4;15.132;15.132;1.082;14;30;10;0;14;1;7;9;5;0;0;0;0;0
P-15;3;14.208;14.208;1.0373;14;31;10;0;14;4;7;10;5;0;0;0;0;0
P-15;2;12.583;12.583;0.9455;14;28;10;0;14;4;7;11;5;0;0;0;0;0
P-15;1;15.953;15.953;0.9464;14;31;10;0;14;4;6;12;4;0;0;0;0;0
P-16;13;5.666;5.166;0.99;18.00;60;20;0;18;5;4;16;3;1;0;0;0;0
P-16;12;5.654;5.454;0.95;19.00;60;20;0;19;6;4;16;1;0;0;0;0;0
P-16;11;5.198;4.948;0.91;19.00;60;20;0;19;5;2;21;0;0;0;0;0;0
P-16;10;5.956;5.716;0.85;21.00;60;20;0;21;5;2;23;0;0;0;0;0;0
P-16;9;6.892;6.652;0.86;22.00;60;20;0;22;5;3;23;0;0;0;0;0;0
P-16;8;9.735;9.435;0.85;23.00;60;20;0;23;4;3;22;2;0;0;0;0;0
P-16;7;9.874;9.634;0.87;25.00;60;20;0;25;5;3;20;2;0;0;0;0;0
P-16;6;9.219;8.979;0.92;25.00;60;20;0;25;5;3;20;2;0;0;0;0;0
P-16;5;10.187;10.187;0.95;22.00;60;20;0;22;7;2;22;0;0;0;0;0;0
P-16;4;10.723;10.623;0.98;22.00;60;20;0;22;7;2;22;0;0;0;0;0;0
P-16;3;10.827;10.347;1.01;31.00;60;20;0;31;0;2;14;4;0;0;0;0;0
P-16;2;11.034;10.674;1.05;30.00;60;20;0;30;1;2;14;3;0;0;0;0;0
P-16;1;9.583;9.583;1.06;25.00;60;20;0;25;7;3;14;0;0;0;0;0;0
P-17;13;13.663;13.303;1.079;19;50;12;0;19;4;4;9;1;1;1;0;0;0
P-17;12;10.532;10.532;1.024;18;50;12;0;18;6;4;9;1;0;1;0;0;0
P-17;11;11.307;11.097;1.0247;18;50;12;0;18;5;5;9;0;0;1;0;0;0
P-17;10;13.780;13.750;1.0065;20;50;12;0;20;3;3;11;0;0;1;0;0;0
P-17;9;14.996;14.816;1.0045;21;50;12;0;21;2;3;11;0;0;1;0;0;0
P-17;8;15.615;15.435;1.01;21;50;12;0;21;2;3;11;0;0;1;0;0;0
P-17;7;16.381;15.951;1.01;21;50;12;0;21;2;3;10;2;0;1;0;0;0
P-17;6;15.072;14.592;1.0085;21;50;12;0;21;2;3;9;3;0;1;0;0;0
P-17;5;13.549;13.139;0.9785;21;50;12;0;21;2;3;8;2;0;1;0;0;0
P-17;4;11.148;10.648;0.937;19;50;12;0;19;4;3;7;2;0;1;0;0;0
P-17;3;12.626;12.226;0.8867;21;50;12;0;21;5;3;7;2;1;0;0;0;0
P-17;2;12.737;12.237;0.8667;21;50;12;0;21;5;4;7;2;1;0;0;0;0
P-17;1;14.106;14.056;0.8705;21;50;12;0;21;3;6;5;2;0;0;0;0;0
P-18;23;17.553;17.053;1.08;28;60;11.5;0;28;5;11;9;3;0;6;0;0;0
P-18;22;17.079;16.919;1.06;27;60;11.5;0;27;5;11;10;1;0;6;0;0;0
P-18;21;18.473;18.473;1.04;31;60;11.5;0;31;3;9;9;2;0;8;0;0;0
P-18;20;17.565;17.315;1.00;30;62;11.5;0;30;3;10;8;3;0;8;0;0;0
P-18;19;17.825;17.575;1.01;28;60;11.5;0;28;4;11;7;3;0;6;0;0;0
P-18;18;18.261;17.961;0.99;27;62;11.5;0;27;4;12;6;3;0;6;0;0;0
P-18;17;18.015;17.615;1.01;29;62;11.5;0;29;2;8;10;2;0;6;0;0;0
P-18;16;18.092;17.692;1.00;31;30;11.5;0;31;1;6;9;4;6;0;0;0;0
P-18;15;15.548;15.198;0.98;29;31;11.5;0;29;2;7;8;4;3;0;0;0;0
P-18;14;14.118;13.758;0.96;26;45;11.5;0;26;4;8;9;1;3;0;0;0;0
P-18;13;15.010;14.650;0.91;24;45;11.5;0;24;4;10;9;1;2;0;0;0;0
P-18;12;12.628;12.418;0.88;24;45;11.5;0;24;4;11;10;1;1;0;1;0;0
P-18;11;14.203;14.083;0.87;22;45;11.5;0;22;6;10;11;0;1;0;1;0;0
P-18;10;15.752;15.692;0.908;24;45;11.5;0;24;4;9;12;0;1;0;1;0;0
P-18;9;16.478;16.418;0.96;26;45;11.5;0;26;3;8;14;0;0;0;2;0;0
P-18;8;18.451;18.391;0.9695;27;45;11.5;0;27;2;8;16;0;0;0;2;0;0
P-18;7;16.756;16.456;1.008;27;45;11.5;0;27;2;8;16;0;0;0;2;0;0
P-18;6;15.667;15.407;1.022;26;45;11.5;0;26;2;8;16;2;0;0;2;0;0
P-18;5;12.398;12.338;1.0647;26;45;11.5;0;26;2;8;16;0;0;0;2;0;0
P-18;4;12.278;12.138;1.0347;26;45;11.5;0;26;2;8;16;0;0;0;2;0;0
P-18;3;13.240;13.060;1.0325;26;45;11.5;0;26;2;8;16;1;0;0;2;0;0
P-18;2;12.518;12.458;1.0427;26;45;11.5;0;26;2;8;17;0;0;0;2;0;0
P-18;1;12.912;12.692;1.0335;26;45;11.5;0;26;2;8;17;0;0;0;2;0;0
P-19;24;15.592;15.592;1.05;33;60;18.5;0;33;8;1;15;2;0;0;0;0;0
P-19;23;16.623;16.573;1.02;30;60;18.5;0;30;10;2;14;3;0;0;0;0;0
P-19;22;16.068;16.018;1.00;33;60;18.5;0;33;7;2;13;4;0;0;0;0;0
P-19;21;17.911;17.661;0.98;32;62;18.5;0;32;7;3;14;1;0;1;0;0;0
P-19;20;18.510;18.290;1.00;36;60;18.5;0;36;3;3;13;2;1;0;0;0;0
P-19;19;19.504;19.254;0.98;35;62;18.5;0;35;2;3;15;3;1;0;0;0;0
P-19;18;16.836;16.516;0.99;35;62;18.5;0;35;1;4;15;2;1;0;0;0;0
P-19;17;17.983;17.633;1.00;32;30;18.5;0;32;1;7;15;1;1;0;0;0;0
P-19;16;17.313;17.013;0.96;31;30;18.5;0;31;1;8;15;2;1;0;0;0;0
P-19;15;15.010;14.715;0.93;28;45;18.5;0;28;2;10;10;5;1;0;0;0;0
P-19;14;13.544;13.259;0.89;26;45;18.5;0;26;3;9;14;5;1;0;0;0;0
P-19;13;12.428;12.133;0.87;24;45;18.5;0;24;4;8;16;5;0;0;0;0;0
P-19;12;14.716;14.381;0.85;23;45;18.5;0;23;5;9;16;5;0;0;0;0;0
P-19;11;12.393;12.238;0.9347;18;45;20;0;18;7;12;16;2;0;0;0;0;0
P-19;10;12.393;12.238;0.9347;18;45;18.5;0;18;7;12;16;2;0;0;0;0;0
P-19;9;14.139;14.079;0.9845;16;45;20;0;16;9;12;16;0;0;0;0;0;0
P-19;8;13.847;13.772;1.0245;16;45;20;0;16;9;11;17;0;0;0;0;0;0
P-19;7;12.972;12.927;1.0227;17;45;20;0;17;8;12;15;2;0;0;0;0;0
P-19;6;12.944;12.694;1.0607;19;45;20;0;19;8;12;15;2;0;0;0;0;0
P-19;5;12.862;12.762;1.0707;18;45;20;0;18;8;12;17;0;0;0;0;0;0
P-19;4;12.020;11.920;1.0807;18;45;20;0;18;9;12;19;0;0;0;0;0;0
P-19;3;10.338;10.238;1.063;19;45;20;0;19;9;12;19;2;0;0;0;0;0
P-19;2;11.152;11.052;1.0383;19;45;20;0;19;11;12;19;2;0;0;0;0;0
P-19;1;9.498;9.448;0.9334;20;45;20;0;20;8;12;17;0;0;0;0;0;0
P-20;16;34.802;34.602;1.01;40;31;19.5;0;40;6;8;12;3;0;0;0;0;0
P-20;15;32.197;31.997;1.01;40;30;19.5;0;40;6;8;10;4;0;0;0;0;0
P-20;14;31.539;31.339;1.01;35;30;19.5;0;35;9;9;12;2;0;0;0;0;0
P-20;13;31.714;31.654;1.01;37;31;19.5;0;37;7;9;11;2;0;0;0;0;0
P-20;12;28.798;28.378;1.00;38;30;19.5;0;38;4;8;8;4;0;0;0;0;0
P-20;11;26.394;26.074;0.94;40;30;19.5;0;40;4;8;9;4;0;0;0;0;0
P-20;10;23.890;23.350;0.92;37;30;19.5;0;37;7;7;19;6;0;0;0;0;0
P-20;9;29.182;28.822;0.91;36;31;19.5;0;36;3;12;19;4;0;0;0;0;0
P-20;8;26.077;25.897;0.88;37;30;19.5;0;37;2;12;19;4;0;0;0;0;0
P-20;7;28.235;28.055;0.88;37;30;19.5;0;37;2;12;19;3;0;0;0;0;0
P-20;6;29.630;29.330;0.92;36;60;19.5;0;36;3;8;19;6;0;0;0;0;0
P-20;5;28.585;28.135;0.97;37;60;19.5;0;37;2;8;19;5;0;0;0;0;0
P-20;4;29.895;29.395;1.02;37;60;19.5;0;37;2;7;17;7;0;0;0;0;0
P-20;3;28.228;27.328;1.07;45;60;19.5;0;45;1;2;15;12;0;0;0;0;0
P-20;2;22.646;22.646;1.06;36;77;19.5;0;36;5;8;15;7;0;0;0;0;0
P-20;1;9.786;9.786;1.07;31;77;19.5;0;31;8;10;15;5;0;0;0;0;0
P-21;19;22.076;21.996;1.03;28.00;60;11.3;0;28;4;7;13;7;4;5;0;0;0
P-21;18;23.342;23.262;1.03;27.00;60;11.3;0;27;5;7;13;6;4;5;0;0;0
P-21;17;22.473;22.393;1.01;29.00;60;3;0;29;4;7;11;6;4;6;1;0;0
P-21;16;23.365;23.315;0.98;27.00;62;3;0;27;7;10;11;4;6;7;1;0;0
P-21;15;23.944;23.894;0.98;28.00;60;3;0;28;5;12;8;2;5;7;1;0;0
P-21;14;24.802;24.802;0.97;32.00;60;7;0;32;1;12;6;1;3;8;1;0;0
P-21;13;28.108;28.078;1.00;31.00;80;11;0;31;1;10;7;2;5;6;1;0;0
P-21;12;24.882;24.852;1.01;30.00;80;11;0;30;2;7;7;2;4;6;1;0;0
P-21;11;24.529;24.509;0.99;26.00;80;11;0;26;6;7;7;2;2;6;1;0;0
P-21;10;24.231;24.211;0.98;29.00;110;11;0;29;3;7;7;2;2;6;3;0;0
P-21;9;22.141;22.091;0.91;31.00;110;3;0;31;1;5;9;2;2;6;3;0;0
P-21;8;20.225;20.205;0.90;30.00;106;3;0;30;2;4;10;2;2;6;3;0;0
P-21;7;19.988;19.958;0.87;29.00;110;3;0;29;6;4;8;2;4;4;3;0;0
P-21;6;19.317;19.267;0.83;28.00;80;7;0;28;6;3;6;6;4;2;1;0;0
P-21;5;19.034;18.984;0.93;28.00;60;7;0;28;6;3;6;6;4;2;1;0;0
P-21;4;17.682;17.632;0.91;28.00;60;10.3;0;28;8;4;4;7;2;2;3;0;0
P-21;3;18.782;18.772;0.96;29;60;10.25;0;29;5;6;10;7;3;2;3;0;0
P-21;2;19.638;19.618;0.98;30;60;10.25;0;30;3;7;10;6;2;2;3;0;0
P-21;1;20.233;20.233;1.02;31;60;10.25;0;31;2;7;7;5;2;2;3;0;0
P-22;25;18.429;18.029;1.065;27;60;18;0;27;4;9;5;2;0;0;0;0;0
P-22;24;16.757;16.457;1.02;28;60;18;0;28;3;9;5;0;0;0;0;0;0
P-22;23;16.359;16.059;1;29;60;18;0;29;4;8;4;2;0;0;0;0;0
P-22;22;19.027;18.727;0.9875;30;62;18;0;30;3;8;4;2;0;0;0;0;0
P-22;21;19.016;18.716;1.0075;30;60;18;0;30;2;9;4;2;0;0;0;0;0
P-22;20;18.391;18.091;0.9975;31;60;18;0;31;1;5;8;1;0;1;0;0;0
P-22;19;16.653;16.353;0.99;28;60;18;0;28;3;6;7;2;0;1;0;0;0
P-22;18;14.733;14.733;0.9945;26;60;18;0;26;5;7;7;1;2;0;0;0;0
P-22;17;15.064;14.844;0.9265;28;60;18;0;28;4;7;6;2;2;0;0;0;0
P-22;16;13.294;13.144;0.9065;28;38;18;0;28;4;7;6;1;2;0;0;0;0
P-22;15;15.301;15.101;0.882;27;38;18;0;27;7;7;6;1;0;0;0;0;0
P-22;14;16.100;15.840;0.858;32;38;18;0;32;3;8;6;3;0;0;0;0;0
P-22;13;20.039;19.939;0.8655;31;38;18;0;31;4;7;7;1;0;0;0;0;0
P-22;12;20.080;19.880;0.9055;30;38;18;0;30;5;4;10;1;0;0;0;0;0
P-22;11;17.974;17.274;0.922;30;38;18;0;30;5;4;10;1;0;0;0;0;0
P-22;10;17.584;16.984;0.952;30;39.5;18;0;30;5;4;7;3;0;0;0;0;0
P-22;9;18.848;18.648;0.9795;30;38;18;0;30;5;4;7;2;0;0;0;0;0
P-22;8;20.202;19.902;1.0195;31;38;18;0;31;4;4;7;2;0;0;0;0;0
P-22;7;18.447;18.147;1.0735;31;38;18;0;31;4;4;5;2;0;0;0;0;0
P-22;6;16.151;15.801;1.066;31;38;18;0;31;4;5;5;2;0;0;0;0;0
P-22;5;15.189;14.789;1.0765;30;38;18;0;30;4;6;6;2;0;0;0;0;0
P-22;4;14.594;14.244;1.0245;29;38;18;0;29;5;6;6;2;0;0;0;0;0
P-22;3;15.267;14.917;1.0085;29;38;18;0;29;6;4;9;1;0;0;0;0;0
P-22;2;16.838;16.438;0.926;30;38;18;0;30;5;4;8;1;0;0;0;0;0
P-22;1;18.806;18.406;0.9423;30;38;18;0;30;5;3;8;2;0;0;0;0;0
P-23;13;4.976;4.976;1.04;10;30;7.5;0;10;5;3;4;0;0;0;0;0;0
P-23;12;4.545;4.385;1.01;11;30;7.5;0;11;4;3;4;0;0;0;0;0;0
P-23;11;4.650;4.490;0.98;9;30;7.5;0;9;7;3;3;1;0;0;0;0;0
P-23;10;4.650;4.490;0.98;11;30;7.5;0;11;3;4;3;1;0;0;0;0;0
P-23;9;4.436;4.376;0.99;11;30;7.5;0;11;3;4;3;1;0;0;0;0;0
P-23;8;4.385;4.185;0.99;12;31;7.5;0;12;3;4;3;1;0;0;0;0;0
P-23;7;3.970;3.970;0.99;10;31;7.5;0;10;4;5;2;2;0;0;0;0;0
P-23;6;3.367;3.152;0.97;11;30;7.5;0;11;3;5;2;2;0;0;0;0;0
P-23;5;2.881;2.881;0.93;11;31;7.5;0;11;2;5;1;2;0;0;0;0;0
P-23;4;2.961;2.791;0.91;11;30;7.5;0;11;3;5;1;2;0;0;0;0;0
P-23;3;3.722;3.507;0.89;10;31;7.5;0;10;4;5;1;1;0;0;0;0;0
P-23;2;4.259;4.059;0.88;12;28;7.5;0;12;2;4;2;1;0;0;0;0;0
P-23;1;4.305;4.155;0.88;10;31;7.5;0;10;2;4;2;1;0;0;0;0;0
P-24;13;9.694;9.454;1.02;17;30;10;0;17;1;4;5;2;0;0;0;0;0
P-24;12;9.546;9.546;1.02;14;30;10;0;14;3;4;6;0;0;0;0;0;0
P-24;11;8.428;8.428;1.01;14;30;10;0;14;3;3;7;0;0;0;0;0;0
P-24;10;8.224;8.224;0.99;13;31;10;0;13;4;3;7;0;0;0;0;0;0
P-24;9;8.050;7.750;0.96;13;30;10;0;13;4;3;4;3;0;0;0;0;0
P-24;8;8.248;7.848;0.96;13;30;10;0;13;4;3;4;3;0;0;0;0;0
P-24;7;8.316;7.816;0.96;13;30;10;0;13;4;3;5;2;0;0;0;0;0
P-24;6;8.723;8.223;0.95;15;30;10;0;15;1;3;5;3;0;0;0;0;0
P-24;5;8.391;7.941;0.94;15;30;31;0;15;2;3;5;2;0;0;0;0;0
P-24;4;7.368;6.918;0.91;16;30;10;0;16;2;3;5;3;0;0;0;0;0
P-24;3;8.001;8.001;0.89;14;30;10;0;14;4;3;4;0;0;0;0;0;0
P-24;2;8.547;7.093;0.88;16;28;31;0;16;2;2;4;0;0;0;0;0;0
P-24;1;8.850;8.610;0.85;14;30;31;0;14;2;4;4;1;1;0;0;0;0
P-25;13;30.505;30.415;1.11;44;30;20.5;0;44;2;21;27;5;0;0;0;0;0
P-25;12;32.939;32.819;1.09;45;30;20.5;0;45;1;19;29;3;0;0;0;0;0
P-25;11;31.001;30.821;1.05;48;30;20.5;0;48;0;19;31;3;0;0;0;0;0
P-25;10;34.566;34.386;1.03;48;30;20.5;0;48;0;19;31;3;0;0;0;0;0
P-25;9;35.368;35.248;1.04;47;30;20.5;0;47;1;20;31;3;0;0;0;0;0
P-25;8;34.605;34.485;1.03;44;31;20.5;0;44;4;21;24;9;0;0;0;0;0
P-25;7;34.882;34.662;1.04;40;31;20.5;0;40;6;24;24;8;0;0;0;0;0
P-25;6;33.347;32.847;1.04;44;31;20.5;0;44;4;17;32;5;0;0;0;0;0
P-25;5;31.378;31.378;1.01;43;31;20.5;0;43;4;21;32;2;0;0;0;0;0
P-25;4;29.749;29.749;0.95;43;31;20.5;0;43;6;21;13;11;0;0;0;0;0
P-25;3;31.586;31.586;0.92;45;31;20.5;0;45;6;20;14;10;0;0;0;0;0
P-25;2;28.389;28.389;0.89;48;31;20.5;0;48;3;17;17;8;0;0;0;0;0
P-25;1;17.406;17.406;0.90;48;31;20.5;0;48;4;19;17;7;0;0;0;0;0