Property;Period;Milk Production (liters/month);Milk Sales (liters/month);Milk Gross Price (R$/liter);Number of Lactating Cows;Employees During the Month (man-days/month);Area Used for Dairy Activity (ha);Reproducers;Lactating Cows;Dry Cows;Pregnant Heifers;Heifers in Raising;Suckling Calves (female);Suckling Calves (male);Male Calves in Raising;Male Calves in Fattening;Draft and Breeding Bulls;Equines and Mules
P-1;9;13044.00;12744.00;1.05;23.00;60.00;11.00;0;23;3;6;21;4;0;0;0;0;0
P-1;8;12068.00;11768.00;1.04;23.00;60.00;11.00;0;23;3;6;21;4;0;0;0;0;0
P-1;7;12659.00;12659.00;1.02;19.00;60.00;11.00;0;19;5;6;22;1;0;0;0;0;0
P-1;6;13391.00;13191.00;1.01;21.00;62.00;11.00;0;21;3;7;19;4;0;0;0;0;0
P-1;5;14944.00;14694.00;1.00;22.00;60.00;11.00;0;22;2;7;19;3;0;0;0;0;0
P-1;4;15466.00;15466.00;1.00;21.00;62.00;11.00;0;21;2;5;21;3;0;0;0;0;0
P-1;3;15335.00;15335.00;1.01;22.00;31.00;11.00;0;22;0;6;20;3;0;0;0;0;0
P-1;2;14878.00;14698.00;1.01;22.00;30.00;11.00;0;22;0;6;20;3;0;0;0;0;0
P-1;1;13474.00;13474.00;0.97;22.00;31.00;11.00;0;22;1;6;20;1;0;0;0;0;0
P-2;6;23532.00;23532.00;1.12;28.00;45.00;8.00;0;28;3;10;12;4;0;1;0;0;0
P-2;5;25608.00;25608.00;1.10;26.00;45.00;8.00;0;26;5;9;13;1;0;1;0;0;0
P-2;4;25362.00;25362.00;1.05;30.00;45.00;8.00;0;30;2;8;15;1;0;1;0;0;0
P-2;3;24603.00;24603.00;1.03;29.00;45.00;8.00;0;29;2;9;13;3;0;1;0;0;0
P-2;2;29022.00;29022.00;1.02;30.00;45.00;8.00;0;30;4;9;13;1;0;3;0;0;0
P-2;1;29082.00;29082.00;1.04;32.00;45.00;8.00;0;32;2;5;17;1;0;3;0;0;0
P-3;14;20482.00;20482.00;1.06;26.00;60.00;20.50;0;26;7;8;8;3;0;0;0;0;0
P-3;13;22582.00;22582.00;1.05;28.00;60.00;20.50;0;28;5;8;8;2;0;0;0;0;0
P-3;12;21402.00;21402.00;1.01;26.00;60.00;20.50;0;26;4;11;8;1;0;0;0;0;0
P-3;11;25761.00;25761.00;1.00;29.00;60.00;20.50;0;29;1;6;13;1;0;0;0;0;0
P-3;10;21618.00;21618.00;1.02;32.00;60.00;20.50;0;32;1;2;11;7;0;0;0;0;0
P-3;9;26215.00;26215.00;1.02;30.00;60.00;20.50;0;30;1;4;11;5;0;0;0;0;0
P-3;8;24042.00;24042.00;1.02;28.00;30.00;20.50;0;28;3;4;11;5;0;0;0;0;0
P-3;7;16700.00;16700.00;1.00;23.00;30.00;20.50;0;23;6;6;9;3;0;0;0;0;0
P-3;6;18801.00;18801.00;0.95;23.00;30.00;20.50;0;23;6;5;12;2;0;0;0;0;0
P-3;5;20443.00;20443.00;0.92;27.00;30.00;20.50;0;27;4;3;17;2;0;0;0;0;0
P-3;4;22303.00;22303.00;0.89;27.00;30.00;20.50;0;27;4;3;17;2;0;0;0;0;0
P-3;3;21019.00;21019.00;0.86;32.00;30.00;20.50;0;32;1;4;11;7;0;0;0;0;0
P-3;2;22081.00;22081.00;0.87;29.00;30.00;20.50;0;29;3;5;6;8;0;1;0;0;0
P-3;1;17370.00;17370.00;0.88;29.00;46.00;14.00;0;29;3;5;6;8;0;1;0;0;0
P-4;19;19253.00;18803.00;1.08;22.00;31.00;7.00;0;22;4;9;9;1;0;0;0;0;0
P-4;18;19253.00;18803.00;1.08;24.00;31.00;7.00;0;24;2;7;10;2;0;0;0;0;0
P-4;17;19381.00;19021.00;1.04;23.00;30.00;7.00;0;23;3;4;11;3;0;0;0;0;0
P-4;16;20041.00;19591.00;1.01;27.00;30.00;7.00;0;27;1;5;11;2;0;0;0;0;0
P-4;15;21519.00;20269.00;1.02;26.00;30.00;7.00;0;26;1;6;10;3;0;0;0;0;0
P-4;14;22213.00;21213.00;1.03;27.00;62.00;7.00;0;27;2;7;9;4;0;0;0;0;0
P-4;13;18155.00;17305.00;1.01;25.00;60.00;7.00;0;25;4;7;9;3;0;0;0;0;0
P-4;12;18744.00;18444.00;1.02;25.00;60.00;7.00;0;25;5;7;10;2;0;0;0;0;0
P-4;11;19769.00;19519.00;0.98;26.00;62.00;10.00;0;26;4;7;12;1;0;0;0;0;0
P-4;10;16444.00;16444.00;0.94;24.00;62.00;10.00;0;24;4;9;13;1;0;0;0;0;0
P-4;9;16118.00;15608.00;0.91;23.00;62.00;10.00;0;23;4;10;10;3;0;0;0;0;0
P-4;8;15649.00;15269.00;0.89;23.00;56.00;10.00;0;23;4;11;10;3;0;0;0;0;0
P-4;7;14349.00;14089.00;0.89;21.00;45.00;10.00;0;21;6;11;9;1;0;0;0;0;0
P-4;6;16575.00;16355.00;0.92;20.00;62.00;10.00;0;20;6;12;9;2;0;0;0;0;0
P-4;5;18604.00;18364.00;0.97;26.00;62.00;10.00;0;26;3;11;10;2;0;0;0;0;0
P-4;4;21444.00;21224.00;1.02;24.00;62.00;10.00;0;24;3;11;10;1;0;0;0;0;0
P-4;3;20681.00;20581.00;1.02;24.00;62.00;10.00;0;24;3;11;7;4;0;0;0;0;0
P-4;2;20711.00;20351.00;1.06;24.00;62.00;10.00;0;24;3;7;11;4;0;0;0;0;0
P-4;1;23117.00;22617.00;1.11;24.00;62.00;10.00;0;24;3;7;11;4;0;0;0;0;0
P-5;8;8435.00;8135.00;1.04;15.00;30.00;6.50;0;15;0;1;4;1;0;1;0;0;0
P-5;7;8215.00;7915.00;1.01;14.00;30.00;6.50;0;14;1;2;4;1;1;1;0;0;0
P-5;6;9162.00;8662.00;1.01;14.00;30.00;6.50;0;14;1;2;4;2;1;1;0;0;0
P-5;5;9358.00;8768.00;0.98;15.00;30.00;6.50;0;15;0;2;4;2;1;1;0;0;0
P-5;4;8806.00;8506.00;0.99;13.00;30.00;6.50;0;13;2;2;2;3;1;0;1;0;0
P-5;3;8470.00;7970.00;0.99;14.00;30.00;6.50;0;14;1;1;2;3;0;0;1;0;0
P-5;2;8505.00;7855.00;0.99;14.00;30.00;6.50;0;14;1;0;3;3;0;0;1;0;0
P-5;1;7026.00;6176.00;0.99;12.00;30.00;6.50;0;12;3;0;1;2;0;0;1;0;0
P-6;6;26891.00;26491.00;0.91;34.00;62.00;50.00;0;34;5;6;7;4;0;0;0;0;0
P-6;5;28036.00;27436.00;0.95;33.00;62.00;50.00;0;33;5;7;7;2;0;0;0;0;0
P-6;4;31392.00;30816.00;1.01;33.00;62.00;22.00;0;33;3;7;7;2;0;0;0;0;0
P-6;3;32640.00;32297.00;1.06;37.00;62.00;22.00;0;37;0;6;9;2;0;0;0;0;0
P-6;2;32327.00;32062.00;1.08;39.00;62.00;22.00;0;39;0;6;9;2;0;0;0;0;0
P-6;1;33386.00;32786.00;1.10;38.00;62.00;22.00;0;38;1;7;9;2;0;0;0;0;0
P-7;13;21306.00;21216.00;1.12;30.00;60.00;19.50;0;30;2;3;11;3;0;1;0;0;0
P-7;12;21692.00;21602.00;1.10;30.00;60.00;19.50;0;30;2;3;11;3;0;1;0;0;0
P-7;11;23027.00;22947.00;1.06;31.00;60.00;19.50;0;31;1;3;11;3;1;0;0;0;0
P-7;10;26042.00;25952.00;1.02;32.00;60.00;19.50;0;32;1;3;12;3;1;0;0;0;0
P-7;9;23140.00;22960.00;1.03;29.00;60.00;19.50;0;29;1;6;12;3;1;0;0;0;0
P-7;8;20736.00;20706.00;0.99;26.00;60.00;19.50;0;26;1;9;11;3;1;0;0;0;0
P-7;7;20228.00;20198.00;1.00;25.00;80.00;19.50;0;25;4;8;11;4;0;0;0;0;0
P-7;6;19235.00;19205.00;1.02;23.00;80.00;19.50;0;23;5;9;11;2;0;0;0;0;0
P-7;5;19477.00;19427.00;0.99;27.00;80.00;19.50;0;27;3;9;13;4;0;0;0;0;0
P-7;4;17425.00;17375.00;0.96;30.00;80.00;19.50;0;30;2;10;10;4;0;0;0;0;0
P-7;3;16340.00;16290.00;0.90;28.00;80.00;19.50;0;28;3;10;14;3;0;0;0;0;0
P-7;2;16525.00;16475.00;0.86;23.00;80.00;19.50;0;23;5;12;14;2;0;0;0;0;0
P-7;1;19182.00;19132.00;0.87;25.00;60.00;19.50;0;25;3;12;14;2;0;0;0;0;0
P-8;12;8576.00;8516.00;0.99;14.00;30.00;6.00;1;14;5;1;4;0;0;0;0;0;0
P-8;11;9224.00;9144.00;0.97;17.00;30.00;6.00;1;17;2;0;5;0;0;0;0;0;0
P-8;10;10925.00;10845.00;0.95;16.00;30.00;6.00;1;16;3;0;5;0;0;0;0;0;0
P-8;9;11958.00;11778.00;0.96;20.00;30.00;6.00;1;20;1;0;5;0;0;0;0;0;0
P-8;8;11750.00;11530.00;0.97;20.00;30.00;6.00;1;20;1;0;5;0;0;0;0;0;0
P-8;7;9004.00;8854.00;0.96;17.00;30.00;6.00;0;17;4;0;4;1;0;0;0;0;0
P-8;6;8765.00;8615.00;0.96;15.00;30.00;6.00;0;15;5;2;4;0;0;0;0;0;0
P-8;5;9037.00;8887.00;0.91;16.00;30.00;6.00;0;16;4;2;4;0;0;0;0;0;0
P-8;4;9327.00;9057.00;0.90;17.00;30.00;6.00;0;17;3;2;3;1;0;0;0;0;0
P-8;3;9096.00;8846.00;0.87;16.00;30.00;6.00;0;16;4;3;3;1;0;0;0;0;0
P-8;2;9130.00;8830.00;0.84;15.00;26.00;6.00;0;15;5;3;5;1;0;0;0;0;0
P-8;1;8863.00;8363.00;0.84;17.00;26.00;6.00;0;17;3;3;5;0;0;0;0;0;0
P-9;18;1833.00;1833.00;0.96;9.00;30.00;12.50;2;9;3;0;9;1;0;0;0;0;0
P-9;17;2060.00;2060.00;0.98;11.00;30.00;12.50;2;11;5;0;9;1;0;0;0;0;0
P-9;16;2598.00;2598.00;0.96;14.00;30.00;12.50;2;14;2;0;9;1;0;0;0;0;0
P-9;15;3271.00;3151.00;0.98;14.00;30.00;12.50;2;14;2;0;9;1;0;0;0;0;0
P-9;14;4039.00;4039.00;0.98;13.00;31.00;12.50;2;13;3;0;9;1;0;0;0;0;0
P-9;13;4010.00;3850.00;0.98;13.00;31.00;12.50;2;13;2;1;8;3;0;0;0;0;0
P-9;12;3493.00;3293.00;0.98;13.00;30.00;12.50;2;13;2;1;8;3;0;0;0;0;0
P-9;11;3302.00;3082.00;0.92;12.00;31.00;12.50;2;12;3;1;8;2;0;0;0;0;0
P-9;10;3113.00;3113.00;0.90;10.00;30.00;12.50;2;10;5;1;8;0;0;0;0;0;0
P-9;9;4423.00;4423.00;0.88;10.00;31.00;12.50;2;10;5;1;8;0;0;0;0;0;0
P-9;8;4818.00;4818.00;0.87;13.00;28.00;12.50;2;13;2;1;7;1;0;0;0;0;0
P-9;7;5746.00;5626.00;0.85;15.00;31.00;12.50;2;15;0;0;8;1;1;0;0;0;0
P-9;6;5762.00;5512.00;0.88;14.00;31.00;12.50;2;14;0;1;8;1;0;0;0;0;0
P-9;5;4943.00;4943.00;0.92;13.00;30.00;13.00;3;13;0;0;7;0;2;0;0;0;0
P-9;4;4212.00;4112.00;0.94;13.00;31.00;13.00;3;13;0;0;5;2;2;0;0;0;0
P-9;3;4136.00;4054.00;1.01;11.00;30.00;13.00;3;11;2;0;5;2;0;0;0;0;0
P-9;2;3292.00;2824.00;0.99;10.00;31.00;13.00;3;10;3;0;2;4;0;0;0;0;0
P-9;1;2391.00;2141.00;1.02;9.00;31.00;13.00;3;9;4;0;2;4;3;0;0;0;0
P-10;13;15494.00;15264.00;1.05;25.00;60.00;16.00;0;25;4;15;7;0;0;0;0;0;0
P-10;12;16656.00;16444.00;1.00;28.00;60.00;16.00;0;28;3;13;9;0;0;0;0;0;0
P-10;11;16538.00;16288.00;0.99;28.00;60.00;16.00;0;28;3;11;8;3;0;0;0;0;0
P-10;10;17024.00;16774.00;0.99;26.00;60.00;16.00;0;26;4;12;8;2;0;0;0;0;0
P-10;9;16404.00;16154.00;0.98;26.00;60.00;16.00;0;26;3;13;8;2;0;0;0;0;0
P-10;8;17483.00;17233.00;0.99;26.00;60.00;16.00;0;26;4;11;9;3;0;0;0;0;0
P-10;7;14954.00;14884.00;0.97;26.00;56.00;16.00;0;26;3;9;10;5;3;0;0;0;0
P-10;6;17928.00;17858.00;1.00;26.00;56.00;16.00;0;26;7;8;10;5;0;0;0;0;0
P-10;5;18380.00;18110.00;0.94;30.00;56.00;16.00;0;30;3;9;10;5;0;0;0;0;0
P-10;4;18382.00;17412.00;0.92;31.00;56.00;16.00;0;31;3;5;14;5;0;0;0;0;0
P-10;3;18448.00;18358.00;0.90;28.00;56.00;16.00;0;28;6;5;15;0;0;0;0;0;0
P-10;2;18536.00;18416.00;0.89;28.00;56.00;16.00;0;28;5;6;11;4;0;0;0;0;0
P-10;1;24206.00;23156.00;0.87;30.00;31.00;26.50;0;30;3;6;10;5;1;0;0;0;0
P-11;14;12690.00;12290.00;1.03;13.00;30.00;5.00;0;13;2;4;2;3;0;0;0;0;0
P-11;13;14440.00;14080.00;1.01;14.00;30.00;5.00;0;14;1;5;2;2;0;0;0;0;0
P-11;12;13160.00;13100.00;0.99;14.00;30.00;5.00;0;14;1;3;2;4;0;0;0;0;0
P-11;11;11750.00;11695.00;0.98;13.00;30.00;5.00;0;13;1;3;3;4;0;0;0;0;0
P-11;10;9585.00;9535.00;0.95;10.00;30.00;5.00;0;10;3;4;3;2;0;0;0;0;0
P-11;9;9244.00;9194.00;0.96;9.00;30.00;5.00;0;9;4;4;3;1;0;0;0;0;0
P-11;8;9042.00;8992.00;0.96;9.00;30.00;5.00;0;9;4;4;4;0;0;0;0;0;0
P-11;7;10509.00;10449.00;0.98;11.00;30.00;15.00;0;11;2;4;4;0;0;0;0;0;0
P-11;6;10397.00;10337.00;0.95;12.00;30.00;15.00;0;12;1;4;3;1;0;0;0;0;0
P-11;5;9028.00;8968.00;0.94;11.00;30.00;15.00;0;11;1;4;4;1;0;0;0;0;0
P-11;4;8964.00;8904.00;0.89;10.00;31.00;15.00;0;10;3;4;5;0;0;0;0;0;0
P-11;3;8878.00;8818.00;0.86;11.00;28.00;15.00;0;11;2;4;5;0;0;0;0;0;0
P-11;2;10715.00;10655.00;0.86;12.00;30.00;15.00;0;12;2;4;5;0;0;0;0;0;0
P-11;1;10370.00;10310.00;0.88;12.00;30.00;15.00;0;12;2;4;5;0;0;0;0;0;0
P-12;25;27142.00;27142.00;1.11;33.00;60.00;20.50;0;33;6;7;15;1;0;0;0;0;0
P-12;24;26401.00;26401.00;1.08;31.00;60.00;20.50;0;31;6;8;15;2;0;0;0;0;0
P-12;23;28710.00;28710.00;1.04;33.00;60.00;20.50;0;33;4;8;15;2;0;0;0;0;0
P-12;22;31698.00;31698.00;1.03;35.00;60.00;20.50;0;35;2;8;16;2;0;0;0;0;0
P-12;21;32127.00;32127.00;1.03;36.00;60.00;20.50;0;36;2;8;16;2;0;0;0;0;0
P-12;20;30048.00;30048.00;1.02;34.00;45.00;20.50;0;34;3;8;14;3;0;0;0;0;0
P-12;19;26880.00;26520.00;1.02;30.00;45.00;20.50;0;30;6;10;16;2;0;0;0;0;0
P-12;18;26935.00;26515.00;1.02;31.00;45.00;20.50;0;31;6;9;14;4;0;0;0;0;0
P-12;17;26315.00;25975.00;1.01;35.00;45.00;20.50;0;35;3;9;14;2;0;0;0;0;0
P-12;16;24854.00;24504.00;0.97;33.00;45.00;20.50;0;33;6;12;11;4;0;0;0;0;0
P-12;15;27609.00;27369.00;0.93;38.00;45.00;20.50;0;38;1;11;11;4;0;0;0;0;0
P-12;14;26689.00;26569.00;0.91;38.00;45.00;20.50;0;38;2;12;11;3;0;0;0;0;0
P-12;13;29884.00;29844.00;0.90;33.00;45.00;20.50;0;33;5;9;15;2;0;0;0;0;0
P-12;12;30496.00;30416.00;0.94;33.00;45.00;20.50;0;33;5;9;15;2;0;0;0;0;0
P-12;11;30054.00;29814.00;0.98;32.00;45.00;20.50;0;32;6;8;16;3;0;0;0;0;0
P-12;10;30585.00;30105.00;1.03;37.00;45.00;14.50;0;37;2;7;15;4;0;0;0;0;0
P-12;9;31522.00;30622.00;1.08;38.00;63.00;14.50;0;38;3;7;9;11;0;0;0;0;0
P-12;8;33084.00;32184.00;1.09;34.00;62.00;14.50;0;34;6;8;9;10;0;0;0;0;0
P-12;7;29294.00;29294.00;1.12;34.00;62.00;14.50;0;34;5;7;13;9;0;0;0;0;0
P-12;6;25501.00;25501.00;1.11;34.00;62.00;14.50;0;34;5;7;13;7;0;0;0;0;0
P-12;5;25611.00;25611.00;1.11;34.00;62.00;14.50;0;34;7;7;13;4;0;0;0;0;0
P-12;4;25580.00;25580.00;1.11;31.00;60.00;14.50;0;31;8;6;15;4;0;0;0;0;0
P-12;3;26817.00;26817.00;0.97;29.00;62.00;14.50;0;29;11;8;9;11;0;0;0;0;0
P-12;2;24163.00;24163.00;0.97;35.00;56.00;14.50;0;35;5;8;9;9;0;0;0;0;0
P-12;1;29711.00;29711.00;0.97;34.00;62.00;14.50;0;34;4;10;9;9;0;0;0;0;0
P-13;11;12306.00;11826.00;1.02;22.00;45.00;13.00;1;22;5;1;4;2;2;0;0;0;0
P-13;10;12251.00;12191.00;0.98;22.00;45.00;13.00;1;22;4;2;4;0;1;0;0;0;0
P-13;9;13981.00;13671.00;0.99;22.00;45.00;13.00;1;22;3;3;4;0;0;0;0;0;0
P-13;8;15614.00;15554.00;0.98;24.00;45.00;13.00;1;24;2;3;4;0;0;0;0;0;0
P-13;7;16255.00;16195.00;1.00;24.00;45.00;13.00;1;24;2;3;4;0;0;0;0;0;0
P-13;6;17394.00;17334.00;1.00;23.00;45.00;13.00;0;23;2;3;5;0;0;0;0;0;0
P-13;5;17997.00;17497.00;0.99;23.00;45.00;13.00;0;23;2;3;5;0;0;0;0;0;0
P-13;4;16598.00;15738.00;1.00;22.00;45.00;13.00;0;22;2;7;8;2;0;0;3;0;0
P-13;3;16249.00;15689.00;0.94;21.00;45.00;13.00;0;21;3;7;4;2;3;0;4;0;0
P-13;2;14336.00;13786.00;0.90;19.00;45.00;13.00;0;19;4;9;4;0;0;0;4;0;0
P-13;1;13912.00;13352.00;0.87;19.00;45.00;13.00;0;19;4;9;4;0;0;0;4;0;0
P-14;21;10797.00;10677.00;0.99;20.00;30.00;11.00;0;20;2;3;7;3;0;1;2;0;0
P-14;20;13026.00;12886.00;0.97;19.00;30.00;11.00;0;19;2;3;8;2;0;1;2;0;0
P-14;19;12242.00;12122.00;0.97;21.00;30.00;11.00;0;21;0;4;8;3;1;0;2;0;0
P-14;18;12990.00;12710.00;0.95;19.00;30.00;11.00;0;19;2;4;7;2;1;0;2;0;0
P-14;17;13225.00;12735.00;0.97;19.00;30.00;11.00;0;19;2;4;5;4;0;0;3;0;0
P-14;16;13621.00;13381.00;1.00;18.00;30.00;11.00;0;18;2;5;5;3;0;1;0;0;0
P-14;15;12881.00;12641.00;1.01;18.00;30.00;11.00;0;18;2;4;8;2;0;1;0;0;0
P-14;14;12482.00;12042.00;1.00;17.00;30.00;11.00;0;17;3;3;8;1;1;0;0;0;0
P-14;13;12303.00;11823.00;0.95;18.00;30.00;11.00;0;18;2;7;12;3;1;0;0;0;0
P-14;12;10092.00;9652.00;0.95;22.00;30.00;11.00;0;22;4;7;12;5;0;0;0;0;0
P-14;11;8598.00;8158.00;0.87;24.00;31.00;11.00;0;24;3;8;16;5;0;0;0;0;0
P-14;10;7390.00;6950.00;0.81;17.00;30.00;11.00;0;17;4;6;5;1;1;0;2;0;0
P-14;9;9493.00;9353.00;0.83;16.00;31.00;11.00;0;16;5;6;4;1;0;0;2;0;0
P-14;8;10283.00;10183.00;0.86;19.00;31.00;11.00;0;19;2;6;4;1;0;0;2;0;0
P-14;7;10915.00;10900.00;0.91;20.00;35.00;11.00;0;20;0;6;5;0;1;0;2;0;0
P-14;6;12650.00;12635.00;0.93;20.00;30.00;11.00;0;20;0;7;7;0;0;0;2;0;0
P-14;5;12887.00;12872.00;0.99;20.00;30.00;11.00;0;20;0;7;7;0;0;0;2;0;0
P-14;4;12440.00;12425.00;1.02;20.00;31.00;11.00;0;20;0;7;7;0;0;0;2;0;0
P-14;3;13370.00;13355.00;1.06;22.00;30.00;11.00;0;22;0;6;7;1;0;0;2;0;0
P-14;2;11617.00;11602.00;1.07;21.00;30.00;11.00;0;21;1;6;7;1;0;0;2;0;0
P-14;1;9790.00;9775.00;1.06;20.00;30.00;11.00;0;20;1;7;7;0;0;0;3;0;0
P-15;25;15109.00;15109.00;1.05;18.00;60.00;20.50;0;18;1;7;3;0;0;0;0;0;0
P-15;24;15109.00;15109.00;1.05;17.00;60.00;20.50;0;17;2;7;3;0;0;0;0;0;0
P-15;23;17221.00;17221.00;1.01;17.00;60.00;20.50;0;17;2;7;3;0;0;0;0;0;0
P-15;22;21385.00;21385.00;1.01;19.00;62.00;20.50;0;19;0;6;4;0;0;0;0;0;0
P-15;21;22206.00;22206.00;1.01;21.00;60.00;20.50;0;21;0;4;4;2;0;0;0;0;0
P-15;20;22142.00;22142.00;1.01;20.00;60.00;20.50;0;20;1;4;4;2;0;0;0;0;0
P-15;19;21854.00;21694.00;1.01;19.00;30.00;15.50;0;19;1;4;5;2;0;0;0;0;0
P-15;18;19607.00;19247.00;1.01;18.00;30.00;15.50;0;18;3;3;3;4;0;0;0;0;0
P-15;17;18396.00;18176.00;0.98;18.00;30.00;15.50;0;18;3;2;4;4;0;0;0;0;0
P-15;16;13892.00;13672.00;0.93;18.00;30.00;15.50;0;18;2;3;4;3;0;0;0;0;0
P-15;15;15082.00;14862.00;0.86;16.00;30.00;15.50;0;16;5;2;5;1;0;0;0;0;0
P-15;14;15052.00;15012.00;0.87;16.00;30.00;15.50;0;16;3;4;5;0;0;0;0;0;0
P-15;13;17061.00;17021.00;0.89;16.00;30.00;15.50;0;16;2;5;3;2;0;0;0;0;0
P-15;12;18252.00;18132.00;0.91;16.00;30.00;15.50;0;16;1;7;3;2;0;0;0;0;0
P-15;11;13808.00;13658.00;0.94;15.00;30.00;15.50;0;15;2;7;3;2;0;0;0;0;0
P-15;10;13512.00;13312.00;0.99;13.00;31.00;10.00;0;13;3;7;3;2;0;0;0;0;0
P-15;9;15125.00;14725.00;1.01;14.00;31.00;10.00;0;14;1;7;2;3;0;0;0;0;0
P-15;8;17852.00;17852.00;1.04;14.00;31.00;10.00;0;14;1;7;0;4;0;0;0;0;0
P-15;7;17118.00;17118.00;1.07;15.00;31.00;10.00;0;15;1;7;2;4;0;0;0;0;0
P-15;6;16756.00;16756.00;1.07;15.00;30.00;10.00;0;15;1;7;2;4;0;0;0;0;0
P-15;5;18913.00;18913.00;1.08;14.00;31.00;10.00;0;14;1;7;10;5;0;0;0;0;0
P-15;4;15132.00;15132.00;1.08;14.00;30.00;10.00;0;14;1;7;9;5;0;0;0;0;0
P-15;3;14208.00;14208.00;1.04;14.00;31.00;10.00;0;14;4;7;10;5;0;0;0;0;0
P-15;2;12583.00;12583.00;0.95;14.00;28.00;10.00;0;14;4;7;11;5;0;0;0;0;0
P-15;1;15953.00;15953.00;0.95;14.00;31.00;10.00;0;14;4;6;12;4;0;0;0;0;0
P-16;13;5666.00;5166.00;0.99;18.00;60.00;20.00;0;18;5;4;16;3;1;0;0;0;0
P-16;12;5654.00;5454.00;0.95;19.00;60.00;20.00;0;19;6;4;16;1;0;0;0;0;0
P-16;11;5198.00;4948.00;0.91;19.00;60.00;20.00;0;19;5;2;21;0;0;0;0;0;0
P-16;10;5956.00;5716.00;0.85;21.00;60.00;20.00;0;21;5;2;23;0;0;0;0;0;0
P-16;9;6892.00;6652.00;0.86;22.00;60.00;20.00;0;22;5;3;23;0;0;0;0;0;0
P-16;8;9735.00;9435.00;0.85;23.00;60.00;20.00;0;23;4;3;22;2;0;0;0;0;0
P-16;7;9874.00;9634.00;0.87;25.00;60.00;20.00;0;25;5;3;20;2;0;0;0;0;0
P-16;6;9219.00;8979.00;0.92;25.00;60.00;20.00;0;25;5;3;20;2;0;0;0;0;0
P-16;5;10187.00;10187.00;0.95;22.00;60.00;20.00;0;22;7;2;22;0;0;0;0;0;0
P-16;4;10723.00;10623.00;0.98;22.00;60.00;20.00;0;22;7;2;22;0;0;0;0;0;0
P-16;3;10827.00;10347.00;1.01;31.00;60.00;20.00;0;31;0;2;14;4;0;0;0;0;0
P-16;2;11034.00;10674.00;1.05;30.00;60.00;20.00;0;30;1;2;14;3;0;0;0;0;0
P-16;1;9583.00;9583.00;1.06;25.00;60.00;20.00;0;25;7;3;14;0;0;0;0;0;0
P-17;13;13663.00;13303.00;1.08;19.00;50.00;12.00;0;19;4;4;9;1;1;1;0;0;0
P-17;12;10532.00;10532.00;1.02;18.00;50.00;12.00;0;18;6;4;9;1;0;1;0;0;0
P-17;11;11307.00;11097.00;1.02;18.00;50.00;12.00;0;18;5;5;9;0;0;1;0;0;0
P-17;10;13780.00;13750.00;1.01;20.00;50.00;12.00;0;20;3;3;11;0;0;1;0;0;0
P-17;9;14996.00;14816.00;1.00;21.00;50.00;12.00;0;21;2;3;11;0;0;1;0;0;0
P-17;8;15615.00;15435.00;1.01;21.00;50.00;12.00;0;21;2;3;11;0;0;1;0;0;0
P-17;7;16381.00;15951.00;1.01;21.00;50.00;12.00;0;21;2;3;10;2;0;1;0;0;0
P-17;6;15072.00;14592.00;1.01;21.00;50.00;12.00;0;21;2;3;9;3;0;1;0;0;0
P-17;5;13549.00;13139.00;0.98;21.00;50.00;12.00;0;21;2;3;8;2;0;1;0;0;0
P-17;4;11148.00;10648.00;0.94;19.00;50.00;12.00;0;19;4;3;7;2;0;1;0;0;0
P-17;3;12626.00;12226.00;0.89;21.00;50.00;12.00;0;21;5;3;7;2;1;0;0;0;0
P-17;2;12737.00;12237.00;0.87;21.00;50.00;12.00;0;21;5;4;7;2;1;0;0;0;0
P-17;1;14106.00;14056.00;0.87;21.00;50.00;12.00;0;21;3;6;5;2;0;0;0;0;0
P-18;23;17553.00;17053.00;1.08;28.00;60.00;11.50;0;28;5;11;9;3;0;6;0;0;0
P-18;22;17079.00;16919.00;1.06;27.00;60.00;11.50;0;27;5;11;10;1;0;6;0;0;0
P-18;21;18473.00;18473.00;1.04;31.00;60.00;11.50;0;31;3;9;9;2;0;8;0;0;0
P-18;20;17565.00;17315.00;1.00;30.00;62.00;11.50;0;30;3;10;8;3;0;8;0;0;0
P-18;19;17825.00;17575.00;1.01;28.00;60.00;11.50;0;28;4;11;7;3;0;6;0;0;0
P-18;18;18261.00;17961.00;0.99;27.00;62.00;11.50;0;27;4;12;6;3;0;6;0;0;0
P-18;17;18015.00;17615.00;1.01;29.00;62.00;11.50;0;29;2;8;10;2;0;6;0;0;0
P-18;16;18092.00;17692.00;1.00;31.00;30.00;11.50;0;31;1;6;9;4;6;0;0;0;0
P-18;15;15548.00;15198.00;0.98;29.00;31.00;11.50;0;29;2;7;8;4;3;0;0;0;0
P-18;14;14118.00;13758.00;0.96;26.00;45.00;11.50;0;26;4;8;9;1;3;0;0;0;0
P-18;13;15010.00;14650.00;0.91;24.00;45.00;11.50;0;24;4;10;9;1;2;0;0;0;0
P-18;12;12628.00;12418.00;0.88;24.00;45.00;11.50;0;24;4;11;10;1;1;0;1;0;0
P-18;11;14203.00;14083.00;0.87;22.00;45.00;11.50;0;22;6;10;11;0;1;0;1;0;0
P-18;10;15752.00;15692.00;0.91;24.00;45.00;11.50;0;24;4;9;12;0;1;0;1;0;0
P-18;9;16478.00;16418.00;0.96;26.00;45.00;11.50;0;26;3;8;14;0;0;0;2;0;0
P-18;8;18451.00;18391.00;0.97;27.00;45.00;11.50;0;27;2;8;16;0;0;0;2;0;0
P-18;7;16756.00;16456.00;1.01;27.00;45.00;11.50;0;27;2;8;16;0;0;0;2;0;0
P-18;6;15667.00;15407.00;1.02;26.00;45.00;11.50;0;26;2;8;16;2;0;0;2;0;0
P-18;5;12398.00;12338.00;1.06;26.00;45.00;11.50;0;26;2;8;16;0;0;0;2;0;0
P-18;4;12278.00;12138.00;1.03;26.00;45.00;11.50;0;26;2;8;16;0;0;0;2;0;0
P-18;3;13240.00;13060.00;1.03;26.00;45.00;11.50;0;26;2;8;16;1;0;0;2;0;0
P-18;2;12518.00;12458.00;1.04;26.00;45.00;11.50;0;26;2;8;17;0;0;0;2;0;0
P-18;1;12912.00;12692.00;1.03;26.00;45.00;11.50;0;26;2;8;17;0;0;0;2;0;0
P-19;24;15592.00;15592.00;1.05;33.00;60.00;18.50;0;33;8;1;15;2;0;0;0;0;0
P-19;23;16623.00;16573.00;1.02;30.00;60.00;18.50;0;30;10;2;14;3;0;0;0;0;0
P-19;22;16068.00;16018.00;1.00;33.00;60.00;18.50;0;33;7;2;13;4;0;0;0;0;0
P-19;21;17911.00;17661.00;0.98;32.00;62.00;18.50;0;32;7;3;14;1;0;1;0;0;0
P-19;20;18510.00;18290.00;1.00;36.00;60.00;18.50;0;36;3;3;13;2;1;0;0;0;0
P-19;19;19504.00;19254.00;0.98;35.00;62.00;18.50;0;35;2;3;15;3;1;0;0;0;0
P-19;18;16836.00;16516.00;0.99;35.00;62.00;18.50;0;35;1;4;15;2;1;0;0;0;0
P-19;17;17983.00;17633.00;1.00;32.00;30.00;18.50;0;32;1;7;15;1;1;0;0;0;0
P-19;16;17313.00;17013.00;0.96;31.00;30.00;18.50;0;31;1;8;15;2;1;0;0;0;0
P-19;15;15010.00;14715.00;0.93;28.00;45.00;18.50;0;28;2;10;10;5;1;0;0;0;0
P-19;14;13544.00;13259.00;0.89;26.00;45.00;18.50;0;26;3;9;14;5;1;0;0;0;0
P-19;13;12428.00;12133.00;0.87;24.00;45.00;18.50;0;24;4;8;16;5;0;0;0;0;0
P-19;12;14716.00;14381.00;0.85;23.00;45.00;18.50;0;23;5;9;16;5;0;0;0;0;0
P-19;11;12393.00;12238.00;0.93;18.00;45.00;20.00;0;18;7;12;16;2;0;0;0;0;0
P-19;10;12393.00;12238.00;0.93;18.00;45.00;18.50;0;18;7;12;16;2;0;0;0;0;0
P-19;9;14139.00;14079.00;0.98;16.00;45.00;20.00;0;16;9;12;16;0;0;0;0;0;0
P-19;8;13847.00;13772.00;1.02;16.00;45.00;20.00;0;16;9;11;17;0;0;0;0;0;0
P-19;7;12972.00;12927.00;1.02;17.00;45.00;20.00;0;17;8;12;15;2;0;0;0;0;0
P-19;6;12944.00;12694.00;1.06;19.00;45.00;20.00;0;19;8;12;15;2;0;0;0;0;0
P-19;5;12862.00;12762.00;1.07;18.00;45.00;20.00;0;18;8;12;17;0;0;0;0;0;0
P-19;4;12020.00;11920.00;1.08;18.00;45.00;20.00;0;18;9;12;19;0;0;0;0;0;0
P-19;3;10338.00;10238.00;1.06;19.00;45.00;20.00;0;19;9;12;19;2;0;0;0;0;0
P-19;2;11152.00;11052.00;1.04;19.00;45.00;20.00;0;19;11;12;19;2;0;0;0;0;0
P-19;1;9498.00;9448.00;0.93;20.00;45.00;20.00;0;20;8;12;17;0;0;0;0;0;0
P-20;16;34802.00;34602.00;1.01;40.00;31.00;19.50;0;40;6;8;12;3;0;0;0;0;0
P-20;15;32197.00;31997.00;1.01;40.00;30.00;19.50;0;40;6;8;10;4;0;0;0;0;0
P-20;14;31539.00;31339.00;1.01;35.00;30.00;19.50;0;35;9;9;12;2;0;0;0;0;0
P-20;13;31714.00;31654.00;1.01;37.00;31.00;19.50;0;37;7;9;11;2;0;0;0;0;0
P-20;12;28798.00;28378.00;1.00;38.00;30.00;19.50;0;38;4;8;8;4;0;0;0;0;0
P-20;11;26394.00;26074.00;0.94;40.00;30.00;19.50;0;40;4;8;9;4;0;0;0;0;0
P-20;10;23890.00;23350.00;0.92;37.00;30.00;19.50;0;37;7;7;19;6;0;0;0;0;0
P-20;9;29182.00;28822.00;0.91;36.00;31.00;19.50;0;36;3;12;19;4;0;0;0;0;0
P-20;8;26077.00;25897.00;0.88;37.00;30.00;19.50;0;37;2;12;19;4;0;0;0;0;0
P-20;7;28235.00;28055.00;0.88;37.00;30.00;19.50;0;37;2;12;19;3;0;0;0;0;0
P-20;6;29630.00;29330.00;0.92;36.00;60.00;19.50;0;36;3;8;19;6;0;0;0;0;0
P-20;5;28585.00;28135.00;0.97;37.00;60.00;19.50;0;37;2;8;19;5;0;0;0;0;0
P-20;4;29895.00;29395.00;1.02;37.00;60.00;19.50;0;37;2;7;17;7;0;0;0;0;0
P-20;3;28228.00;27328.00;1.07;45.00;60.00;19.50;0;45;1;2;15;12;0;0;0;0;0
P-20;2;22646.00;22646.00;1.06;36.00;77.00;19.50;0;36;5;8;15;7;0;0;0;0;0
P-20;1;9786.00;9786.00;1.07;31.00;77.00;19.50;0;31;8;10;15;5;0;0;0;0;0
P-21;19;22076.00;21996.00;1.03;28.00;60.00;11.30;0;28;4;7;13;7;4;5;0;0;0
P-21;18;23342.00;23262.00;1.03;27.00;60.00;11.30;0;27;5;7;13;6;4;5;0;0;0
P-21;17;22473.00;22393.00;1.01;29.00;60.00;3.00;0;29;4;7;11;6;4;6;1;0;0
P-21;16;23365.00;23315.00;0.98;27.00;62.00;3.00;0;27;7;10;11;4;6;7;1;0;0
P-21;15;23944.00;23894.00;0.98;28.00;60.00;3.00;0;28;5;12;8;2;5;7;1;0;0
P-21;14;24802.00;24802.00;0.97;32.00;60.00;7.00;0;32;1;12;6;1;3;8;1;0;0
P-21;13;28108.00;28078.00;1.00;31.00;80.00;11.00;0;31;1;10;7;2;5;6;1;0;0
P-21;12;24882.00;24852.00;1.01;30.00;80.00;11.00;0;30;2;7;7;2;4;6;1;0;0
P-21;11;24529.00;24509.00;0.99;26.00;80.00;11.00;0;26;6;7;7;2;2;6;1;0;0
P-21;10;24231.00;24211.00;0.98;29.00;110.00;11.00;0;29;3;7;7;2;2;6;3;0;0
P-21;9;22141.00;22091.00;0.91;31.00;110.00;3.00;0;31;1;5;9;2;2;6;3;0;0
P-21;8;20225.00;20205.00;0.90;30.00;106.00;3.00;0;30;2;4;10;2;2;6;3;0;0
P-21;7;19988.00;19958.00;0.87;29.00;110.00;3.00;0;29;6;4;8;2;4;4;3;0;0
P-21;6;19317.00;19267.00;0.83;28.00;80.00;7.00;0;28;6;3;6;6;4;2;1;0;0
P-21;5;19034.00;18984.00;0.93;28.00;60.00;7.00;0;28;6;3;6;6;4;2;1;0;0
P-21;4;17682.00;17632.00;0.91;28.00;60.00;10.30;0;28;8;4;4;7;2;2;3;0;0
P-21;3;18782.00;18772.00;0.96;29.00;60.00;10.25;0;29;5;6;10;7;3;2;3;0;0
P-21;2;19638.00;19618.00;0.98;30.00;60.00;10.25;0;30;3;7;10;6;2;2;3;0;0
P-21;1;20233.00;20233.00;1.02;31.00;60.00;10.25;0;31;2;7;7;5;2;2;3;0;0
P-22;25;18429.00;18029.00;1.07;27.00;60.00;18.00;0;27;4;9;5;2;0;0;0;0;0
P-22;24;16757.00;16457.00;1.02;28.00;60.00;18.00;0;28;3;9;5;0;0;0;0;0;0
P-22;23;16359.00;16059.00;1.00;29.00;60.00;18.00;0;29;4;8;4;2;0;0;0;0;0
P-22;22;19027.00;18727.00;0.99;30.00;62.00;18.00;0;30;3;8;4;2;0;0;0;0;0
P-22;21;19016.00;18716.00;1.01;30.00;60.00;18.00;0;30;2;9;4;2;0;0;0;0;0
P-22;20;18391.00;18091.00;1.00;31.00;60.00;18.00;0;31;1;5;8;1;0;1;0;0;0
P-22;19;16653.00;16353.00;0.99;28.00;60.00;18.00;0;28;3;6;7;2;0;1;0;0;0
P-22;18;14733.00;14733.00;0.99;26.00;60.00;18.00;0;26;5;7;7;1;2;0;0;0;0
P-22;17;15064.00;14844.00;0.93;28.00;60.00;18.00;0;28;4;7;6;2;2;0;0;0;0
P-22;16;13294.00;13144.00;0.91;28.00;38.00;18.00;0;28;4;7;6;1;2;0;0;0;0
P-22;15;15301.00;15101.00;0.88;27.00;38.00;18.00;0;27;7;7;6;1;0;0;0;0;0
P-22;14;16100.00;15840.00;0.86;32.00;38.00;18.00;0;32;3;8;6;3;0;0;0;0;0
P-22;13;20039.00;19939.00;0.87;31.00;38.00;18.00;0;31;4;7;7;1;0;0;0;0;0
P-22;12;20080.00;19880.00;0.91;30.00;38.00;18.00;0;30;5;4;10;1;0;0;0;0;0
P-22;11;17974.00;17274.00;0.92;30.00;38.00;18.00;0;30;5;4;10;1;0;0;0;0;0
P-22;10;17584.00;16984.00;0.95;30.00;39.50;18.00;0;30;5;4;7;3;0;0;0;0;0
P-22;9;18848.00;18648.00;0.98;30.00;38.00;18.00;0;30;5;4;7;2;0;0;0;0;0
P-22;8;20202.00;19902.00;1.02;31.00;38.00;18.00;0;31;4;4;7;2;0;0;0;0;0
P-22;7;18447.00;18147.00;1.07;31.00;38.00;18.00;0;31;4;4;5;2;0;0;0;0;0
P-22;6;16151.00;15801.00;1.07;31.00;38.00;18.00;0;31;4;5;5;2;0;0;0;0;0
P-22;5;15189.00;14789.00;1.08;30.00;38.00;18.00;0;30;4;6;6;2;0;0;0;0;0
P-22;4;14594.00;14244.00;1.02;29.00;38.00;18.00;0;29;5;6;6;2;0;0;0;0;0
P-22;3;15267.00;14917.00;1.01;29.00;38.00;18.00;0;29;6;4;9;1;0;0;0;0;0
P-22;2;16838.00;16438.00;0.93;30.00;38.00;18.00;0;30;5;4;8;1;0;0;0;0;0
P-22;1;18806.00;18406.00;0.94;30.00;38.00;18.00;0;30;5;3;8;2;0;0;0;0;0
P-23;13;4976.00;4976.00;1.04;10.00;30.00;7.50;0;10;5;3;4;0;0;0;0;0;0
P-23;12;4545.00;4385.00;1.01;11.00;30.00;7.50;0;11;4;3;4;0;0;0;0;0;0
P-23;11;4650.00;4490.00;0.98;9.00;30.00;7.50;0;9;7;3;3;1;0;0;0;0;0
P-23;10;4650.00;4490.00;0.98;11.00;30.00;7.50;0;11;3;4;3;1;0;0;0;0;0
P-23;9;4436.00;4376.00;0.99;11.00;30.00;7.50;0;11;3;4;3;1;0;0;0;0;0
P-23;8;4385.00;4185.00;0.99;12.00;31.00;7.50;0;12;3;4;3;1;0;0;0;0;0
P-23;7;3970.00;3970.00;0.99;10.00;31.00;7.50;0;10;4;5;2;2;0;0;0;0;0
P-23;6;3367.00;3152.00;0.97;11.00;30.00;7.50;0;11;3;5;2;2;0;0;0;0;0
P-23;5;2881.00;2881.00;0.93;11.00;31.00;7.50;0;11;2;5;1;2;0;0;0;0;0
P-23;4;2961.00;2791.00;0.91;11.00;30.00;7.50;0;11;3;5;1;2;0;0;0;0;0
P-23;3;3722.00;3507.00;0.89;10.00;31.00;7.50;0;10;4;5;1;1;0;0;0;0;0
P-23;2;4259.00;4059.00;0.88;12.00;28.00;7.50;0;12;2;4;2;1;0;0;0;0;0
P-23;1;4305.00;4155.00;0.88;10.00;31.00;7.50;0;10;2;4;2;1;0;0;0;0;0
P-24;13;9694.00;9454.00;1.02;17.00;30.00;10.00;0;17;1;4;5;2;0;0;0;0;0
P-24;12;9546.00;9546.00;1.02;14.00;30.00;10.00;0;14;3;4;6;0;0;0;0;0;0
P-24;11;8428.00;8428.00;1.01;14.00;30.00;10.00;0;14;3;3;7;0;0;0;0;0;0
P-24;10;8224.00;8224.00;0.99;13.00;31.00;10.00;0;13;4;3;7;0;0;0;0;0;0
P-24;9;8050.00;7750.00;0.96;13.00;30.00;10.00;0;13;4;3;4;3;0;0;0;0;0
P-24;8;8248.00;7848.00;0.96;13.00;30.00;10.00;0;13;4;3;4;3;0;0;0;0;0
P-24;7;8316.00;7816.00;0.96;13.00;30.00;10.00;0;13;4;3;5;2;0;0;0;0;0
P-24;6;8723.00;8223.00;0.95;15.00;30.00;10.00;0;15;1;3;5;3;0;0;0;0;0
P-24;5;8391.00;7941.00;0.94;15.00;30.00;31.00;0;15;2;3;5;2;0;0;0;0;0
P-24;4;7368.00;6918.00;0.91;16.00;30.00;10.00;0;16;2;3;5;3;0;0;0;0;0
P-24;3;8001.00;8001.00;0.89;14.00;30.00;10.00;0;14;4;3;4;0;0;0;0;0;0
P-24;2;8547.00;7093.00;0.88;16.00;28.00;31.00;0;16;2;2;4;0;0;0;0;0;0
P-24;1;8850.00;8610.00;0.85;14.00;30.00;31.00;0;14;2;4;4;1;1;0;0;0;0
P-25;13;30505.00;30415.00;1.11;44.00;30.00;20.50;0;44;2;21;27;5;0;0;0;0;0
P-25;12;32939.00;32819.00;1.09;45.00;30.00;20.50;0;45;1;19;29;3;0;0;0;0;0
P-25;11;31001.00;30821.00;1.05;48.00;30.00;20.50;0;48;0;19;31;3;0;0;0;0;0
P-25;10;34566.00;34386.00;1.03;48.00;30.00;20.50;0;48;0;19;31;3;0;0;0;0;0
P-25;9;35368.00;35248.00;1.04;47.00;30.00;20.50;0;47;1;20;31;3;0;0;0;0;0
P-25;8;34605.00;34485.00;1.03;44.00;31.00;20.50;0;44;4;21;24;9;0;0;0;0;0
P-25;7;34882.00;34662.00;1.04;40.00;31.00;20.50;0;40;6;24;24;8;0;0;0;0;0
P-25;6;33347.00;32847.00;1.04;44.00;31.00;20.50;0;44;4;17;32;5;0;0;0;0;0
P-25;5;31378.00;31378.00;1.01;43.00;31.00;20.50;0;43;4;21;32;2;0;0;0;0;0
P-25;4;29749.00;29749.00;0.95;43.00;31.00;20.50;0;43;6;21;13;11;0;0;0;0;0
P-25;3;31586.00;31586.00;0.92;45.00;31.00;20.50;0;45;6;20;14;10;0;0;0;0;0
P-25;2;28389.00;28389.00;0.89;48.00;31.00;20.50;0;48;3;17;17;8;0;0;0;0;0
P-25;1;17406.00;17406.00;0.90;48.00;31.00;20.50;0;48;4;19;17;7;0;0;0;0;0